-- Class Data
INSERT INTO `wrm_classes` VALUES (6, 'Death Knight', 'dk', 'deathknight', 'images/classes/deathknight_icon.gif');
INSERT INTO `wrm_classes` VALUES (11, 'Druid', 'dr', 'druid', 'images/classes/druid_icon.gif');
INSERT INTO `wrm_classes` VALUES (3, 'Hunter', 'hu', 'hunter', 'images/classes/hunter_icon.gif');
INSERT INTO `wrm_classes` VALUES (8, 'Mage', 'ma', 'mage', 'images/classes/mage_icon.gif');
INSERT INTO `wrm_classes` VALUES (2, 'Paladin', 'pa', 'paladin', 'images/classes/paladin_icon.gif');
INSERT INTO `wrm_classes` VALUES (5, 'Priest', 'pr', 'priest', 'images/classes/priest_icon.gif');
INSERT INTO `wrm_classes` VALUES (4, 'Rogue', 'ro', 'rogue', 'images/classes/rogue_icon.gif');
INSERT INTO `wrm_classes` VALUES (7, 'Shaman', 'sh', 'shaman', 'images/classes/shaman_icon.gif');
INSERT INTO `wrm_classes` VALUES (9, 'Warlock', 'wk', 'warlock', 'images/classes/warlock_icon.gif');
INSERT INTO `wrm_classes` VALUES (1, 'Warrior', 'wa', 'warrior', 'images/classes/warrior_icon.gif');

-- Race/Class Linking Data
INSERT INTO `wrm_class_race` VALUES ('Draenei', 'Priest');
INSERT INTO `wrm_class_race` VALUES ('Draenei', 'Warrior');
INSERT INTO `wrm_class_race` VALUES ('Draenei', 'Hunter');
INSERT INTO `wrm_class_race` VALUES ('Draenei', 'Mage');
INSERT INTO `wrm_class_race` VALUES ('Draenei', 'Shaman');
INSERT INTO `wrm_class_race` VALUES ('Draenei', 'Paladin');
INSERT INTO `wrm_class_race` VALUES ('Draenei', 'Death Knight');
INSERT INTO `wrm_class_race` VALUES ('Dwarf', 'Priest');
INSERT INTO `wrm_class_race` VALUES ('Dwarf', 'Rogue');
INSERT INTO `wrm_class_race` VALUES ('Dwarf', 'Warrior');
INSERT INTO `wrm_class_race` VALUES ('Dwarf', 'Hunter');
INSERT INTO `wrm_class_race` VALUES ('Dwarf', 'Paladin');
INSERT INTO `wrm_class_race` VALUES ('Dwarf', 'Mage');
INSERT INTO `wrm_class_race` VALUES ('Dwarf', 'Shaman');
INSERT INTO `wrm_class_race` VALUES ('Dwarf', 'Death Knight');
INSERT INTO `wrm_class_race` VALUES ('Dwarf', 'Warlock');
INSERT INTO `wrm_class_race` VALUES ('Human', 'Priest');
INSERT INTO `wrm_class_race` VALUES ('Human', 'Rogue');
INSERT INTO `wrm_class_race` VALUES ('Human', 'Warrior');
INSERT INTO `wrm_class_race` VALUES ('Human', 'Hunter');
INSERT INTO `wrm_class_race` VALUES ('Human', 'Mage');
INSERT INTO `wrm_class_race` VALUES ('Human', 'Warlock');
INSERT INTO `wrm_class_race` VALUES ('Human', 'Paladin');
INSERT INTO `wrm_class_race` VALUES ('Human', 'Death Knight');
INSERT INTO `wrm_class_race` VALUES ('Gnome', 'Rogue');
INSERT INTO `wrm_class_race` VALUES ('Gnome', 'Warrior');
INSERT INTO `wrm_class_race` VALUES ('Gnome', 'Priest');
INSERT INTO `wrm_class_race` VALUES ('Gnome', 'Mage');
INSERT INTO `wrm_class_race` VALUES ('Gnome', 'Warlock');
INSERT INTO `wrm_class_race` VALUES ('Gnome', 'Death Knight');
INSERT INTO `wrm_class_race` VALUES ('Night Elf', 'Priest');
INSERT INTO `wrm_class_race` VALUES ('Night Elf', 'Rogue');
INSERT INTO `wrm_class_race` VALUES ('Night Elf', 'Warrior');
INSERT INTO `wrm_class_race` VALUES ('Night Elf', 'Druid');
INSERT INTO `wrm_class_race` VALUES ('Night Elf', 'Hunter');
INSERT INTO `wrm_class_race` VALUES ('Night Elf', 'Mage');
INSERT INTO `wrm_class_race` VALUES ('Night Elf', 'Death Knight');
INSERT INTO `wrm_class_race` VALUES ('Worgen', 'Warrior');
INSERT INTO `wrm_class_race` VALUES ('Worgen', 'Death Knight');
INSERT INTO `wrm_class_race` VALUES ('Worgen', 'Warlock');
INSERT INTO `wrm_class_race` VALUES ('Worgen', 'Rogue');
INSERT INTO `wrm_class_race` VALUES ('Worgen', 'Hunter');
INSERT INTO `wrm_class_race` VALUES ('Worgen', 'Druid');
INSERT INTO `wrm_class_race` VALUES ('Worgen', 'Mage');
INSERT INTO `wrm_class_race` VALUES ('Worgen', 'Priest');
INSERT INTO `wrm_class_race` VALUES ('Blood Elf', 'Priest');
INSERT INTO `wrm_class_race` VALUES ('Blood Elf', 'Rogue');
INSERT INTO `wrm_class_race` VALUES ('Blood Elf', 'Mage');
INSERT INTO `wrm_class_race` VALUES ('Blood Elf', 'Hunter');
INSERT INTO `wrm_class_race` VALUES ('Blood Elf', 'Warlock');
INSERT INTO `wrm_class_race` VALUES ('Blood Elf', 'Paladin');
INSERT INTO `wrm_class_race` VALUES ('Blood Elf', 'Death Knight');
INSERT INTO `wrm_class_race` VALUES ('Blood Elf', 'Warrior');
INSERT INTO `wrm_class_race` VALUES ('Goblin', 'Warrior');
INSERT INTO `wrm_class_race` VALUES ('Goblin', 'Rogue');
INSERT INTO `wrm_class_race` VALUES ('Goblin', 'Shaman');
INSERT INTO `wrm_class_race` VALUES ('Goblin', 'Mage');
INSERT INTO `wrm_class_race` VALUES ('Goblin', 'Priest');
INSERT INTO `wrm_class_race` VALUES ('Goblin', 'Warlock');
INSERT INTO `wrm_class_race` VALUES ('Goblin', 'Hunter');
INSERT INTO `wrm_class_race` VALUES ('Goblin', 'Death Knight');
INSERT INTO `wrm_class_race` VALUES ('Orc', 'Rogue');
INSERT INTO `wrm_class_race` VALUES ('Orc', 'Warrior');
INSERT INTO `wrm_class_race` VALUES ('Orc', 'Hunter');
INSERT INTO `wrm_class_race` VALUES ('Orc', 'Warlock');
INSERT INTO `wrm_class_race` VALUES ('Orc', 'Shaman');
INSERT INTO `wrm_class_race` VALUES ('Orc', 'Death Knight');
INSERT INTO `wrm_class_race` VALUES ('Orc', 'Mage');
INSERT INTO `wrm_class_race` VALUES ('Tauren', 'Warrior');
INSERT INTO `wrm_class_race` VALUES ('Tauren', 'Druid');
INSERT INTO `wrm_class_race` VALUES ('Tauren', 'Shaman');
INSERT INTO `wrm_class_race` VALUES ('Tauren', 'Hunter');
INSERT INTO `wrm_class_race` VALUES ('Tauren', 'Death Knight');
INSERT INTO `wrm_class_race` VALUES ('Tauren', 'Paladin');
INSERT INTO `wrm_class_race` VALUES ('Tauren', 'Priest');
INSERT INTO `wrm_class_race` VALUES ('Troll', 'Priest');
INSERT INTO `wrm_class_race` VALUES ('Troll', 'Rogue');
INSERT INTO `wrm_class_race` VALUES ('Troll', 'Warrior');
INSERT INTO `wrm_class_race` VALUES ('Troll', 'Mage');
INSERT INTO `wrm_class_race` VALUES ('Troll', 'Hunter');
INSERT INTO `wrm_class_race` VALUES ('Troll', 'Shaman');
INSERT INTO `wrm_class_race` VALUES ('Troll', 'Death Knight');
INSERT INTO `wrm_class_race` VALUES ('Troll', 'Warlock');
INSERT INTO `wrm_class_race` VALUES ('Troll', 'Druid');
INSERT INTO `wrm_class_race` VALUES ('Undead', 'Priest');
INSERT INTO `wrm_class_race` VALUES ('Undead', 'Rogue');
INSERT INTO `wrm_class_race` VALUES ('Undead', 'Warrior');
INSERT INTO `wrm_class_race` VALUES ('Undead', 'Mage');
INSERT INTO `wrm_class_race` VALUES ('Undead', 'Warlock');
INSERT INTO `wrm_class_race` VALUES ('Undead', 'Death Knight');
INSERT INTO `wrm_class_race` VALUES ('Undead', 'Hunter');

-- Class and Role Link Data
INSERT INTO `wrm_class_role` VALUES ('Priest', 'Discipline', 'disc', 'role3');
INSERT INTO `wrm_class_role` VALUES ('Priest', 'Holy', 'holy', 'role3');
INSERT INTO `wrm_class_role` VALUES ('Priest', 'Shadow', 'shadow', 'role4');
INSERT INTO `wrm_class_role` VALUES ('Rogue', 'Assassination', 'assassination', 'role2');
INSERT INTO `wrm_class_role` VALUES ('Rogue', 'Combat', 'combat', 'role2');
INSERT INTO `wrm_class_role` VALUES ('Rogue', 'Subtlety', 'subtlety', 'role2');
INSERT INTO `wrm_class_role` VALUES ('Warrior', 'Arms', 'arms', 'role2');
INSERT INTO `wrm_class_role` VALUES ('Warrior', 'Fury', 'fury', 'role2');
INSERT INTO `wrm_class_role` VALUES ('Warrior', 'Protection', 'prot', 'role1');
INSERT INTO `wrm_class_role` VALUES ('Mage', 'Arcane', 'arcane', 'role4');
INSERT INTO `wrm_class_role` VALUES ('Mage', 'Fire', 'fire', 'role4');
INSERT INTO `wrm_class_role` VALUES ('Mage', 'Frost', 'frost', 'role4');
INSERT INTO `wrm_class_role` VALUES ('Druid', 'Balance', 'balance', 'role4');
INSERT INTO `wrm_class_role` VALUES ('Druid', 'Feral (Cat)', 'cat', 'role2');
INSERT INTO `wrm_class_role` VALUES ('Druid', 'Feral (Bear)', 'bear', 'role1');
INSERT INTO `wrm_class_role` VALUES ('Druid', 'Restoration', 'resto', 'role3');
INSERT INTO `wrm_class_role` VALUES ('Hunter', 'Beast Mastery', 'bm', 'role4');
INSERT INTO `wrm_class_role` VALUES ('Hunter', 'Marksmanship', 'marks', 'role4');
INSERT INTO `wrm_class_role` VALUES ('Hunter', 'Survival', 'survival', 'role4');
INSERT INTO `wrm_class_role` VALUES ('Warlock', 'Affliction', 'affliction', 'role4');
INSERT INTO `wrm_class_role` VALUES ('Warlock', 'Demonology', 'demon', 'role4');
INSERT INTO `wrm_class_role` VALUES ('Warlock', 'Destruction', 'destro', 'role4');
INSERT INTO `wrm_class_role` VALUES ('Shaman', 'Elemental', 'elemental', 'role4');
INSERT INTO `wrm_class_role` VALUES ('Shaman', 'Enhancement', 'enhance', 'role2');
INSERT INTO `wrm_class_role` VALUES ('Shaman', 'Restoration', 'resto', 'role3');
INSERT INTO `wrm_class_role` VALUES ('Paladin', 'Holy', 'holy', 'role3');
INSERT INTO `wrm_class_role` VALUES ('Paladin', 'Protection', 'prot', 'role1');
INSERT INTO `wrm_class_role` VALUES ('Paladin', 'Retribution', 'ret', 'role2');
INSERT INTO `wrm_class_role` VALUES ('Death Knight', 'Blood (Tank)', 'blood_tank', 'role1');
INSERT INTO `wrm_class_role` VALUES ('Death Knight', 'Blood (Melee)', 'blood_melee', 'role2');
INSERT INTO `wrm_class_role` VALUES ('Death Knight', 'Frost (Tank)', 'frost_tank', 'role1');
INSERT INTO `wrm_class_role` VALUES ('Death Knight', 'Frost (Melee)', 'frost_melee', 'role2');
INSERT INTO `wrm_class_role` VALUES ('Death Knight', 'Unholy (Tank)', 'unholy_tank', 'role1');
INSERT INTO `wrm_class_role` VALUES ('Death Knight', 'Unholy (Melee)', 'unholy_melee', 'role2');

-- Expansion Table Data
INSERT INTO `wrm_expansion` (`exp_id`, `exp_name`, `exp_lang_id`, `def`,`max_lvl`) VALUES
(1, 'Generic', 'exp_generic_wow', 0,'60'),
(2, 'BC', 'exp_burning_crusade', 0,'70'),
(3, 'WotLK', 'exp_wrath_lich_king', 0,'80'),
(4, 'Cataclysm', 'exp_cataclysm', 1,'85');

-- Event Table Data
INSERT INTO `wrm_events` ( `zone_desc`, `max`, `exp_id`, `event_type_id`, `wow_name`, `icon_path`) VALUES
('Stormwind', 99, 1, 0, '', 'images/instances/Misc_Icons/LOC-Stormwind.jpg'),
('Thunder Bluff', 99, 1, 0, '', 'images/instances/Misc_Icons/LOC-Thunder-Bluff.jpg'),
('Silvermoon', 99, 2, 0, '', 'images/instances/Misc_Icons/LOC-Silvermoon.jpg'),
('Orgrimmar', 99, 1, 0, '', 'images/instances/Misc_Icons/LOC-Orgrimmar.jpg'),
('World Boss', 40, 0, 1, '', 'images/instances/Misc_Icons/40-World.jpg'),
('Undercity', 99, 1, 0, '', 'images/instances/Misc_Icons/LOC-Undercity.jpg'),
('Darnassus', 99, 1, 0, '', 'images/instances/Misc_Icons/LOC-Darnassus.jpg'),
('Ironforge', 99, 1, 0, '', 'images/instances/Misc_Icons/LOC-Ironforge.jpg'),
('Exodar', 99, 2, 0, '', 'images/instances/Misc_Icons/LOC-Exodar.jpg'),
('Dalaran', 99, 3, 0, '', 'images/instances/Misc_Icons/LOC-Dalaran.jpg'),
('Shattrath', 99, 2, 0, '', 'images/instances/Misc_Icons/LOC-Shattrath.jpg'),
('Halls of Stone', 5, 3, 2, 'Ulduar: Halls of Stone', 'images/instances/WotLK_Icons/5-Halls-Of-Stone.jpg'),
('Naxxramas', 10, 3, 1, 'Naxxramas', 'images/instances/WotLK_Icons/10-Naxxramas.jpg'),
('Nexus', 5, 3, 2, 'The Nexus', 'images/instances/WotLK_Icons/5-Nexus.jpg'),
('Oculus', 5, 3, 2, 'The Oculus', 'images/instances/WotLK_Icons/5-Oculus.jpg'),
('Utgarde Keep', 5, 3, 2, 'Utgarde Keep', 'images/instances/WotLK_Icons/5-Utgarde-Keep.jpg'),
('Eye of Eternity', 10, 3, 1, 'The Eye of Eternity', 'images/instances/WotLK_Icons/10-Eye-of-Eternity.jpg'),
('Ahn''Kahet', 5, 3, 2, 'Ahn''Kahet: The Old Kingdom', 'images/instances/WotLK_Icons/5-Ahn''Kahet.jpg'),
('Ahn''Kahet - Heroic', 5, 3, 2, 'Ahn''Kahet: The Old Kingdom', 'images/instances/WotLK_Icons/5-Ahn''Kahet-Heroic.jpg'),
('Azjol-Nerub - Heroic', 5, 3, 2, 'Azjol-Nerub', 'images/instances/WotLK_Icons/5-Azjol-Nerub-Heroic.jpg'),
('Eye of Eternity - Heroic', 25, 3, 1, 'The Eye of Eternity (Heroic)', 'images/instances/WotLK_Icons/25-Eye-of-Eternity.jpg'),
('Obsidian Sanctum', 10, 3, 1, 'The Obsidian Sanctum', 'images/instances/WotLK_Icons/10-Obsidian-Sanctum.jpg'),
('Mana Tombs - Heroic', 5, 2, 2, 'Auchindoun - Mana Tombs', 'images/instances/BC_Icons/5-Mana-Tombs-Heroic.jpg'),
('Oculus - Heroic', 5, 3, 2, 'The Oculus', 'images/instances/WotLK_Icons/5-Oculus-Heroic.jpg'),
('Violet Hold - Heroic', 5, 3, 2, 'Violet Hold', 'images/instances/WotLK_Icons/5-Violet-Hold-Heroic.jpg'),
('Obsidian Sanctum - Heroic', 25, 3, 1, 'The Obsidian Sanctum (Heroic)', 'images/instances/WotLK_Icons/25-Obsidian-Sanctum.jpg'),
('Halls Of Lightning - Heroic', 5, 3, 2, 'Ulduar: Halls of Lightning', 'images/instances/WotLK_Icons/5-Halls-Of-Lightning-Heroic.jpg'),
('Utgarde Keep - Heroic', 5, 3, 2, 'Utgarde Keep', 'images/instances/WotLK_Icons/5-Utgarde-Keep-Heroic.jpg'),
('Gundrak - Heroic', 5, 3, 2, 'Gun''Drak', 'images/instances/WotLK_Icons/5-Gundrak-Heroic.jpg'),
('Halls of Stone - Heroic', 5, 3, 2, 'Ulduar: Halls of Stone', 'images/instances/WotLK_Icons/5-Halls-Of-Stone-Heroic.jpg'),
('CoT: Culling of Stratholme', 5, 3, 2, 'Caverns of Time - The Culling of Stratholme', 'images/instances/WotLK_Icons/5-CoT-Strat.jpg'),
('Utgarde Pinnacle - Heroic', 5, 3, 2, 'Utgarde Pinnacle', 'images/instances/WotLK_Icons/5-Utgarde-Pinnacle-Heroic.jpg'),
('Azjol-Nerub', 5, 3, 2, 'Azjol-Nerub', 'images/instances/WotLK_Icons/5-Azjol-Nerub.jpg'),
('Gun''drak', 5, 3, 2, 'Gun''Drak', 'images/instances/WotLK_Icons/5-Gundrak.jpg'),
('Drak''Tharon Keep - Heroic', 5, 3, 2, 'Drak''Tharon Keep', 'images/instances/WotLK_Icons/5-Drak''Tharon-Keep-Heroic.jpg'),
('Naxxramas - Heroic', 25, 3, 1, 'Naxxramas (Heroic)', 'images/instances/WotLK_Icons/25-Naxxramas.jpg'),
('Drak''Tharon Keep', 5, 3, 2, 'Drak''Tharon Keep', 'images/instances/WotLK_Icons/5-Drak''Tharon-Keep.jpg'),
('Halls Of Lightning', 5, 3, 2, 'Ulduar: Halls of Lightning', 'images/instances/WotLK_Icons/5-Halls-Of-Lightning.jpg'),
('Violet Hold', 5, 3, 2, 'Violet Hold', 'images/instances/WotLK_Icons/5-Violet-Hold.jpg'),
('Utgarde Pinnacle', 5, 3, 2, 'Utgarde Pinnacle', 'images/instances/WotLK_Icons/5-Utgarde-Pinnacle.jpg'),
('CoT: Culling of Stratholm - Heroic', 5, 3, 2, 'Caverns of Time - The Culling of Stratholme', 'images/instances/WotLK_Icons/5-CoT-Strat-Heroic.jpg'),
('Nexus - Heroic', 5, 3, 2, 'The Nexus', 'images/instances/WotLK_Icons/5-Nexus-Heroic.jpg'),
('CoT: Durnholde Keep', 5, 2, 2, 'Caverns of Time - Durnholde', 'images/instances/BC_Icons/5-CoT-Durnholde-Keep.jpg'),
('Steamvaults', 5, 2, 2, 'Coilfang - Steam Vaults', 'images/instances/BC_Icons/5-Steamvault.jpg'),
('Black Temple', 25, 2, 1, 'Black Temple', 'images/instances/BC_Icons/25-Black-Temple.jpg'),
('Shadow Labyrinth', 5, 2, 2, 'Auchindoun - Shadow Labyrinth', 'images/instances/BC_Icons/5-Shadow-Labyrinth.jpg'),
('Mechanar - Heroic', 5, 2, 2, 'Tempest Keep - The Mechanar', 'images/instances/BC_Icons/5-Mechanar-Heroic.jpg'),
('Sunwell', 25, 2, 1, 'The Sunwell', 'images/instances/BC_Icons/25-Sunwell.jpg'),
('Botanica', 5, 2, 2, 'Tempest Keep - The Botanica', 'images/instances/BC_Icons/5-Botanica.jpg'),
('Magister''s Terrace', 5, 2, 2, 'Magister''s Terrace', 'images/instances/BC_Icons/5-Mag-Terr.jpg'),
('Underbog - Heroic', 5, 2, 2, 'Coilfang - Underbog', 'images/instances/BC_Icons/5-Underbog-Heroic.jpg'),
('Sethekk Halls - Heroic', 5, 2, 2, 'Auchindoun - Sethekk Halls', 'images/instances/BC_Icons/5-Sethekk-Halls-Heroic.jpg'),
('Auchenai Crypts - Heroic', 5, 2, 2, 'Auchindoun - Auchenai Crypts', 'images/instances/BC_Icons/5-Auchenai-Crypts-Heroic.jpg'),
('Arcatraz - Heroic', 5, 2, 2, 'Tempest Keep - The Arcatraz', 'images/instances/BC_Icons/5-Arcatraz-Heroic.jpg'),
('Sethekk Halls', 5, 2, 2, 'Auchindoun - Sethekk Halls\r\n', 'images/instances/BC_Icons/5-Sethekk-Halls.jpg'),
('Ramparts - Heroic', 5, 2, 2, 'Hellfire Citadel - Hellfire Ramparts', 'images/instances/BC_Icons/5-Ramparts-Heroic.jpg'),
('Steamvaults - Heroic', 5, 2, 2, 'Coilfang - Steam Vaults', 'images/instances/BC_Icons/5-Steamvault-Heroic.jpg'),
('Arcatraz', 5, 2, 2, 'Tempest Keep - The Arcatraz', 'images/instances/BC_Icons/5-Arcatraz.jpg'),
('Blood Furnace - Heroic', 5, 2, 2, 'Hellfire Citadel - Blood Furnace', 'images/instances/BC_Icons/5-Blood-Furnace-Heroic.jpg'),
('Shattered Halls', 5, 2, 2, 'Hellfire Citadel - Shattered Halls', 'images/instances/BC_Icons/5-Shattered-Halls.jpg'),
('Karazhan', 10, 2, 1, 'Karazhan', 'images/instances/BC_Icons/10-Kara.jpg'),
('CoT: Black Morass - Heroic', 5, 2, 2, 'Caverns of Time - Dark Portal', 'images/instances/BC_Icons/5-CoT-Black-Morass-Heroic.jpg'),
('Botanica - Heroic', 5, 2, 2, 'Tempest Keep - The Botanica', 'images/instances/BC_Icons/5-Botanica-Heroic.jpg'),
('Gruul''s Lair', 25, 2, 1, 'Gruul''s Lair', 'images/instances/BC_Icons/25-Gruul.jpg'),
('Slave Pens', 5, 2, 2, 'Coilfang - Slave Pens', 'images/instances/BC_Icons/5-Slave-Pens.jpg'),
('Mana Tombs', 5, 2, 2, 'Auchindoun - Mana Tombs', 'images/instances/BC_Icons/5-Mana-Tombs.jpg'),
('CoT: Durnholde Keep - Heroic', 5, 2, 2, 'Caverns of Time - Durnholde', 'images/instances/BC_Icons/5-CoT-Durnholde-Keep-Heroic.jpg'),
('Blood Furnace', 5, 2, 2, 'Hellfire Citadel - Blood Furnace', 'images/instances/BC_Icons/5-Blood-Furnace.jpg'),
('CoT: Black Morass', 5, 2, 2, 'Caverns of Time - Dark Portal', 'images/instances/BC_Icons/5-CoT-Black-Morass.jpg'),
('Magister''s Terrace - Heroic', 5, 2, 2, 'Magister''s Terrace', 'images/instances/BC_Icons/5-Mag-Terr-Heroic.jpg'),
('CoT: Mt. Hyjal', 25, 2, 1, 'Hyjal Past', 'images/instances/BC_Icons/25-CoT-Hyjal.jpg'),
('Underbog', 5, 2, 2, 'Coilfang - Underbog', 'images/instances/BC_Icons/5-Underbog.jpg'),
('Mechanar', 5, 2, 2, 'Tempest Keep - The Mechanar', 'images/instances/BC_Icons/5-Mechanar.jpg'),
('Shattered Halls - Heroic', 5, 2, 2, 'Hellfire Citadel - Shattered Halls', 'images/instances/BC_Icons/5-Shattered-Halls-Heroic.jpg'),
('Serpentshrine Cavern', 25, 2, 1, 'Serpentshrine Cavern', 'images/instances/BC_Icons/25-Serpentshrine-Cavern.jpg'),
('Tempest Keep', 25, 2, 1, 'Tempest Keep', 'images/instances/BC_Icons/25-Tempest-Keep.jpg'),
('Magtheridon''s Lair', 25, 2, 1, 'Magtheridon''s Lair', 'images/instances/BC_Icons/25-Mags-Lair.jpg'),
('Shadow Labyrinth - Heroic', 5, 2, 2, 'Auchindoun - Shadow Labyrinth', 'images/instances/BC_Icons/5-Shadow-Labyrinth-Heroic.jpg'),
('Slave Pens - Heroic', 5, 2, 2, 'Coilfang - Slave Pens', 'images/instances/BC_Icons/5-Slave-Pens-Heroic.jpg'),
('Zul''Aman', 10, 2, 1, 'Zul''Aman', 'images/instances/BC_Icons/10-ZulAman.jpg'),
('Auchenai Crypts', 5, 2, 2, 'Auchindoun - Auchenai Crypts', 'images/instances/BC_Icons/5-Auchenai-Crypts.jpg'),
('Ramparts', 5, 2, 2, 'Hellfire Citadel - Hellfire Ramparts', 'images/instances/BC_Icons/5-Ramparts.jpg'),
('Stratholme', 5, 1, 2, 'Stratholme', 'images/instances/Classic_Icons/5-Stratholme.jpg'),
('Scarlet Monestary - Armory', 10, 1, 2, 'Scarlet Monastery - Armory', 'images/instances/Classic_Icons/10-Scarlet-Monestary-Armory.jpg'),
('Shadowfang Keep', 10, 1, 2, 'Shadowfang Keep', 'images/instances/Classic_Icons/10-Shadowfang-Keep.jpg'),
('Scholomance', 5, 1, 2, 'Scholomance', 'images/instances/Classic_Icons/5-Scholomance.jpg'),
('Onyxia''s Lair', 40, 1, 1, 'Onyxia''s Lair', 'images/instances/Classic_Icons/40-Onyxias-Lair.jpg'),
('Blackwing Lair', 40, 1, 1, 'Blackwing Lair', 'images/instances/Classic_Icons/40-Blackwing-Lair.jpg'),
('Blackfathom Deeps', 10, 1, 2, 'Blackfathom Deeps', 'images/instances/Classic_Icons/10-Blackfathom-Deeps.jpg'),
('Stockades', 10, 1, 2, 'Stormwind Stockades', 'images/instances/Classic_Icons/10-Stockade.jpg'),
('Uldaman', 10, 1, 2, 'Uldaman', 'images/instances/Classic_Icons/10-Uldaman.jpg'),
('Zul''Gurub', 10, 1, 1, 'Zul''Gurub', 'images/instances/Classic_Icons/10-Zul-Gurub.jpg'),
('Molten Core', 40, 1, 1, 'Molten Core', 'images/instances/Classic_Icons/40-Molten-Core.jpg'),
('Wailing Caverns', 10, 1, 2, 'Wailing Caverns', 'images/instances/Classic_Icons/10-Wailing-Caverns.jpg'),
('Scarlet Monestary - Graveyard', 10, 1, 2, 'Scarlet Monastery - Graveyard', 'images/instances/Classic_Icons/10-Scarlet-Monestary-Graveyard.jpg'),
('Deadmines', 10, 1, 2, 'Deadmines', 'images/instances/Classic_Icons/10-Deadmines.jpg'),
('Lower Blackrock Spire', 10, 1, 2, 'Lower Blackrock Spire', 'images/instances/Classic_Icons/10-Lower-Blackrock-Spire.jpg'),
('Zul''Farak', 10, 1, 2, 'Zul''Farrak', 'images/instances/Classic_Icons/10-Zul-Farak.jpg'),
('Blackrock Depths', 5, 1, 2, 'Blackrock Depths', 'images/instances/Classic_Icons/5-Blackrock Depths.jpg'),
('Dire Maul - West', 5, 1, 2, 'Dire Maul - West', 'images/instances/Classic_Icons/5-Dire-Maul-West.jpg'),
('Upper Blackrock Spire', 10, 1, 1, 'Upper Blackrock Spire', 'images/instances/Classic_Icons/10-Upper-Blackrock-Spire.jpg'),
('Gnomeregan', 10, 1, 2, 'Gnomeregan', 'images/instances/Classic_Icons/10-Gnomeregan.jpg'),
('Temple Of Ahn''Qiraj', 40, 1, 1, 'Ahn''Qiraj Temple', 'images/instances/Classic_Icons/40-Temple-Of-AhnQiraj.jpg'),
('Scarlet Monestary - Library', 10, 1, 2, 'Scarlet Monastery - Library', 'images/instances/Classic_Icons/10-Scarlet-Monestary-Library.jpg'),
('Scarlet Monestary - Cathedral', 10, 1, 2, 'Scarlet Monastery - Cathedral', 'images/instances/Classic_Icons/10-Scarlet-Monestary-Cathedral.jpg'),
('Sunken Temple', 10, 1, 2, 'Sunken Temple', 'images/instances/Classic_Icons/10-Sunken-Temple.jpg'),
('Maraudon', 10, 1, 2, 'Maraudon', 'images/instances/Classic_Icons/10-Maraudon.jpg'),
('Ragefire Chasm', 10, 1, 2, 'Ragefire Chasm', 'images/instances/Classic_Icons/10-Ragefire-Chasm.jpg'),
('Dire Maul - East', 5, 1, 2, 'Dire Maul - East', 'images/instances/Classic_Icons/5-Dire-Maul-East.jpg'),
('Dire Maul - North', 5, 1, 2, 'Dire Maul - North', 'images/instances/Classic_Icons/5-Dire-Maul-North.jpg'),
('Ruins Of Ahn''Qiraj', 20, 1, 1, 'Ahn''Qiraj Ruins', 'images/instances/Classic_Icons/20-Ruins-Of-AhnQiraj.jpg'),
('Razorfen Downs', 10, 1, 2, 'Razorfen Downs', 'images/instances/Classic_Icons/10-Razorfen-Downs.jpg'),
('Razorfen Kraul', 10, 1, 2, 'Razorfen Kraul', 'images/instances/Classic_Icons/10-Razorfen-Kraul.jpg'),
('Vault of Archavon', 10, 3, 1, 'Vault of Archavon', 'images/instances/WotLK_Icons/10-Vault-of-Archavon.jpg'),
('Vault of Archavon - Heroic', 25, 3, 1, 'Vault of Archavon (Heroic)', 'images/instances/WotLK_Icons/25-Vault-of-Archavon.jpg'),
('Generic Event', 99, 0, 5, '', 'images/instances/Misc_Icons/GEN-Event.jpg'),
('PvP Event', 40, 0, 3, '', 'images/instances/Misc_Icons/GEN-PvP.jpg'),
('Meeting', 99, 0, 4, '', 'images/instances/Misc_Icons/GEN-Meeting.jpg'),
('Ulduar', 10, 3, 1, 'Ulduar', 'images/instances/WotLK_Icons/10-Ulduar.jpg'),
('Ulduar - Heroic', 25, 3, 1, 'Ulduar (Heroic)', 'images/instances/WotLK_Icons/25-Ulduar.jpg'),
('Trial - Champion', 5, 3, 2, 'Trial of the Champion', 'images/instances/WotLK_Icons/5-Trial-of-the-Champion.jpg'),
('Trial - Champion - Heroic', 5, 3, 2, 'Trial of the Champion (Heroic)', 'images/instances/WotLK_Icons/5-Trial-of-the-Champion-Heroic.jpg'), 
('Trial - Crusader - 10 man', 10, 3, 1, 'Trial of the Crusader (10)', 'images/instances/WotLK_Icons/10-Trial-of-the-Crusader.jpg'),
('Trial - Crusader - 25 man', 25, 3, 1, 'Trial of the Crusader (25)', 'images/instances/WotLK_Icons/25-Trial-of-the-Crusader.jpg'),
('Trial - Grand Crusader - 10 man', 10, 3, 1, 'Trial of the Grand Crusader (10)', 'images/instances/WotLK_Icons/10-Trial-of-the-Grand-Crusader.jpg'),
('Trial - Grand Crusader - 25 man', 25, 3, 1, 'Trial of the Grand Crusader (25)', 'images/instances/WotLK_Icons/25-Trial-of-the-Grand-Crusader.jpg'),
('Forge of Souls', 5, 3, 2, 'The Forge of Souls', 'images/instances/WotLK_Icons/5-Forge-Of-Souls.jpg'),
('Forge of Souls - Heroic', 5, 3, 2, 'The Forge of Souls (Heroic)', 'images/instances/WotLK_Icons/5-Forge-Of-Souls-Heroic.jpg'), 
('Pit of Saron', 5, 3, 2, 'Pit of Saron', 'images/instances/5-Pit-Of-Saron.jpg'),
('Pit of Saron - Heroic', 5, 3, 2, 'Pit of Saron (Heroic)', 'images/instances/WotLK_Icons/5-Pit-Of-Saron-Heroic.jpg'), 
('Halls of Reflection', 5, 3, 2, 'Halls of Reflection', 'images/instances/5-Halls-Of-Reflection.jpg'),
('Halls of Reflection - Heroic', 5, 3, 2, 'Halls of Reflection (Heroic)', 'images/instances/WotLK_Icons/5-Halls-Of-Reflection-Heroic.jpg'), 
('Icecrown Citadel - 10 man', 10, 3, 1, 'Icecrown Citadel (10)', 'images/instances/WotLK_Icons/10-Icecrown-Citadel.jpg'),
('Icecrown Citadel - 25 man', 25, 3, 1, 'Icecrown Citadel (25)', 'images/instances/WotLK_Icons/25-Icecrown-Citadel.jpg');
-- Cataclysm Events
INSERT INTO `wrm_events` ( `zone_desc`, `max`, `exp_id`, `event_type_id`, `wow_name`, `icon_path`) VALUES
('Abyssal Maw', 5, 4, 2, 'Abyssal Maw', 'images/instances/Cataclysm_Icons/dungeons/5-Abyssal-Maw.jpg'), 
('Abyssal Maw - Heroic', 5, 4, 2, 'Abyssal Maw (Heroic)', 'images/instances/Cataclysm_Icons/dungeons/5-Abyssal-Maw-Heroic.jpg'),
('Blackrock Caverns', 5, 4, 2, 'Blackrock Caverns', 'images/instances/Cataclysm_Icons/dungeons/5-Blackrock-Caverns.jpg'), 
('Blackrock Caverns - Heroic', 5, 4, 2, 'Blackrock Caverns (Heroic)', 'images/instances/Cataclysm_Icons/dungeons/5-Blackrock-Caverns-Heroic.jpg'), 
('Grim Batol', 5, 4, 2, 'Grim Batol', 'images/instances/Cataclysm_Icons/dungeons/5-Grim-Batol.jpg'), 
('Grim Batol - Heroic', 5, 4, 2, 'Grim Batol (Heroic)', 'images/instances/Cataclysm_Icons/dungeons/5-Grim-Batol-Heroic.jpg'), 
('Halls of Origination', 5, 4, 2, 'Halls of Origination', 'images/instances/Cataclysm_Icons/dungeons/5-Halls-Of-Origination.jpg'), 
('Halls of Origination - Heroic', 5, 4, 2, 'Halls of Origination (Heroic)', 'images/instances/Cataclysm_Icons/dungeons/5-Halls-Of-Origination-Heroic.jpg'), 
('Lost City of Tolvir', 5, 4, 2, 'Lost City of Tolvir', 'images/instances/Cataclysm_Icons/dungeons/5-Lost-City-Of-Tolvir.jpg'), 
('Lost City of Tolvir - Heroic', 5, 4, 2, 'Lost City of Tolvir (Heroic)', 'images/instances/Cataclysm_Icons/dungeons/5-Lost-City-Of-Tolvir-Heroic.jpg'), 
('Stonecore', 5, 4, 2, 'Stonecore', 'images/instances/Cataclysm_Icons/dungeons/5-Stonecore.jpg'), 
('Stonecore - Heroic', 5, 4, 2, 'Stonecore (Heroic)', 'images/instances/Cataclysm_Icons/dungeons/5-Stonecore-Heroic.jpg'), 
('Throne of Tides', 5, 4, 2, 'Throne of Tides', 'images/instances/Cataclysm_Icons/dungeons/5-Throne-Of-Tides.jpg'), 
('Throne of Tides - Heroic', 5, 4, 2, 'Throne of Tides (Heroic)', 'images/instances/Cataclysm_Icons/dungeons/5-Throne-Of-Tides-Heroic.jpg'), 
('Vortex Pinnacle', 5, 4, 2, 'Vortex Pinnacle', 'images/instances/Cataclysm_Icons/dungeons/5-Vortex-Pinnacle.jpg'),
('Vortex Pinnacle - Heroic', 5, 4, 2, 'Vortex Pinnacle (Heroic)', 'images/instances/Cataclysm_Icons/dungeons/5-Vortex-Pinnacle-Heroic.jpg'),
('Bastion Of Twilight - 10 man', 10, 4, 1, 'Bastion Of Twilight (10)', 'images/instances/Cataclysm_Icons/raids/10-Bastion-Of-Twilight.jpg'),
('Blackwing Descent - 10 man', 10, 4, 1, 'Blackwing Descent (10)', 'images/instances/Cataclysm_Icons/raids/10-Blackwing-Descent.jpg'),
('Throne Of Four Winds - 10 man', 10, 4, 1, 'Throne Of Four Winds (10)', 'images/instances/Cataclysm_Icons/raids/10-Throne-Of-Four-Winds.jpg'),
('Bastion Of Twilight - 25 man', 10, 4, 1, 'Bastion Of Twilight (25)', 'images/instances/Cataclysm_Icons/raids/25-Bastion-Of-Twilight.jpg'),
('Blackwing Descent - 25 man', 10, 4, 1, 'Blackwing Descent (25)', 'images/instances/Cataclysm_Icons/raids/25-Blackwing-Descent.jpg'),
('Throne Of Four Winds - 25 man', 10, 4, 1, 'Throne Of Four Winds (25)', 'images/instances/Cataclysm_Icons/raids/25-Throne-Of-Four-Winds.jpg');

INSERT INTO `wrm_events` ( `zone_desc`, `max`, `exp_id`, `event_type_id`, `wow_name`, `icon_path`) VALUES
('Skywall', 5, 4, 2, 'Skywall', 'images/instances/Cataclysm_Icons/dungeons/5-Skywall.jpg'),
('Skywall - Heroic', 5, 4, 2, 'Skywall (Heroic)', 'images/instances/Cataclysm_Icons/dungeons/5-Skywall-Heroic.jpg'),
('Skywall - 10 Man', 10, 4, 1, 'Skywall (10)', 'images/instances/Cataclysm_Icons/raids/10-Skywall.jpg'),
('Skywall - 25 Man', 10, 4, 1, 'Skywall (25)', 'images/instances/Cataclysm_Icons/raids/25-Skywall.jpg');

-- Data for Faction Table
INSERT INTO `wrm_faction` (`faction_name` , `lang_index`) VALUES 
('Alliance', 'alliance'), 
('Horde', 'horde'),
('None', 'none');

-- Race Data
INSERT INTO `wrm_races` VALUES ('Draenei', 'Alliance', 'draenei');
INSERT INTO `wrm_races` VALUES ('Dwarf', 'Alliance', 'dwarf');
INSERT INTO `wrm_races` VALUES ('Human', 'Alliance', 'human');
INSERT INTO `wrm_races` VALUES ('Gnome', 'Alliance', 'gnome');
INSERT INTO `wrm_races` VALUES ('Night Elf', 'Alliance', 'night_elf');
INSERT INTO `wrm_races` VALUES ('Worgen', 'Alliance', 'worgen');
INSERT INTO `wrm_races` VALUES ('Blood Elf', 'Horde', 'blood_elf');
INSERT INTO `wrm_races` VALUES ('Goblin', 'Horde', 'goblin');
INSERT INTO `wrm_races` VALUES ('Orc', 'Horde', 'orc');
INSERT INTO `wrm_races` VALUES ('Tauren', 'Horde', 'tauren');
INSERT INTO `wrm_races` VALUES ('Troll', 'Horde', 'troll');
INSERT INTO `wrm_races` VALUES ('Undead', 'Horde', 'undead');

-- Race/Gender Link Table Data
INSERT INTO `wrm_race_gender` VALUES ('Draenei', 'Male', '/images/faces/dr_male.gif');
INSERT INTO `wrm_race_gender` VALUES ('Draenei', 'Female', '/images/faces/dr_female.gif');
INSERT INTO `wrm_race_gender` VALUES ('Dwarf', 'Male', '/images/faces/dw_male.gif');
INSERT INTO `wrm_race_gender` VALUES ('Dwarf', 'Female', '/images/faces/dw_female.gif');
INSERT INTO `wrm_race_gender` VALUES ('Human', 'Male', '/images/faces/hu_male.gif');
INSERT INTO `wrm_race_gender` VALUES ('Human', 'Female', '/images/faces/hu_female.gif');
INSERT INTO `wrm_race_gender` VALUES ('Gnome', 'Male', '/images/faces/gn_male.gif');
INSERT INTO `wrm_race_gender` VALUES ('Gnome', 'Female', '/images/faces/gn_female.gif');
INSERT INTO `wrm_race_gender` VALUES ('Night Elf', 'Male', '/images/faces/ne_male.gif');
INSERT INTO `wrm_race_gender` VALUES ('Night Elf', 'Female', '/images/faces/ne_female.gif');
INSERT INTO `wrm_race_gender` VALUES ('Worgen', 'Male', '/images/faces/wg_male.gif');
INSERT INTO `wrm_race_gender` VALUES ('Worgen', 'Female', '/images/faces/wg_female.gif');
INSERT INTO `wrm_race_gender` VALUES ('Blood Elf', 'Male', '/images/faces/be_male.gif');
INSERT INTO `wrm_race_gender` VALUES ('Blood Elf', 'Female', '/images/faces/be_female.gif');
INSERT INTO `wrm_race_gender` VALUES ('Goblin', 'Male', '/images/faces/gb_male.gif');
INSERT INTO `wrm_race_gender` VALUES ('Goblin', 'Female', '/images/faces/gb_female.gif');
INSERT INTO `wrm_race_gender` VALUES ('Orc', 'Male', '/images/faces/or_male.gif');
INSERT INTO `wrm_race_gender` VALUES ('Orc', 'Female', '/images/faces/or_female.gif');
INSERT INTO `wrm_race_gender` VALUES ('Tauren', 'Male', '/images/faces/ta_male.gif');
INSERT INTO `wrm_race_gender` VALUES ('Tauren', 'Female', '/images/faces/ta_female.gif');
INSERT INTO `wrm_race_gender` VALUES ('Troll', 'Male', '/images/faces/tr_male.gif');
INSERT INTO `wrm_race_gender` VALUES ('Troll', 'Female', '/images/faces/tr_female.gif');
INSERT INTO `wrm_race_gender` VALUES ('Undead', 'Male', '/images/faces/un_male.gif');
INSERT INTO `wrm_race_gender` VALUES ('Undead', 'Female', '/images/faces/un_female.gif');
