-- *********************************************************
-- *********************************************************
-- *****   DO NOT RUN THIS FILE DIRECTLY ON THE DATABASE
-- *****   YOU WILL LOSE DATA IF YOU DO SO
-- *********************************************************
-- *********************************************************
die, and do not progress past this line!!!!; -- Added to cause the SQL interpreter to blow up if this file is directly executed.

------------------------------------------------------------------
-- Safe Execution - These lines are SAFE to run at ANY point.
------------------------------------------------------------------
-- Manage Primary and Secondary Spec instead of Role.
ALTER TABLE `wrm_chars` CHANGE `role` `pri_spec` VARCHAR( 255 ) NOT NULL;
ALTER TABLE `wrm_chars` ADD `sec_spec` VARCHAR( 255 ) ;

CREATE TABLE IF NOT EXISTS `wrm_classes` (
  `class_id` varchar(100) NOT NULL,
  `class_code` varchar(2) NOT NULL,
  `lang_index` varchar(100) NOT NULL,
  `image` varchar(100) NOT NULL,
  PRIMARY KEY  (`class_id`)
);

INSERT INTO `wrm_classes` VALUES ('Death Knight', 'dk', 'deathknight', 'images/classes/deathknight_icon.gif');
INSERT INTO `wrm_classes` VALUES ('Druid', 'dr', 'druid', 'images/classes/druid_icon.gif');
INSERT INTO `wrm_classes` VALUES ('Hunter', 'hu', 'hunter', 'images/classes/hunter_icon.gif');
INSERT INTO `wrm_classes` VALUES ('Mage', 'ma', 'mage', 'images/classes/mage_icon.gif');
INSERT INTO `wrm_classes` VALUES ('Paladin', 'pa', 'paladin', 'images/classes/paladin_icon.gif');
INSERT INTO `wrm_classes` VALUES ('Priest', 'pr', 'priest', 'images/classes/priest_icon.gif');
INSERT INTO `wrm_classes` VALUES ('Rogue', 'ro', 'rogue', 'images/classes/rogue_icon.gif');
INSERT INTO `wrm_classes` VALUES ('Shaman', 'sh', 'shaman', 'images/classes/shaman_icon.gif');
INSERT INTO `wrm_classes` VALUES ('Warlock', 'wk', 'warlock', 'images/classes/warlock_icon.gif');
INSERT INTO `wrm_classes` VALUES ('Warrior', 'wa', 'warrior', 'images/classes/warrior_icon.gif');

CREATE TABLE `wrm_class_race` (
`race_id` VARCHAR( 100 ) NOT NULL ,
`class_id` VARCHAR( 100 ) NOT NULL ,
PRIMARY KEY ( `race_id` , `class_id` )
);

INSERT INTO `wrm_class_race` VALUES ('Draenei', 'Priest');
INSERT INTO `wrm_class_race` VALUES ('Draenei', 'Warrior');
INSERT INTO `wrm_class_race` VALUES ('Draenei', 'Hunter');
INSERT INTO `wrm_class_race` VALUES ('Draenei', 'Mage');
INSERT INTO `wrm_class_race` VALUES ('Draenei', 'Shaman');
INSERT INTO `wrm_class_race` VALUES ('Draenei', 'Paladin');
INSERT INTO `wrm_class_race` VALUES ('Draenei', 'Death Knight');
INSERT INTO `wrm_class_race` VALUES ('Dwarf', 'Priest');
INSERT INTO `wrm_class_race` VALUES ('Dwarf', 'Rogue');
INSERT INTO `wrm_class_race` VALUES ('Dwarf', 'Warrior');
INSERT INTO `wrm_class_race` VALUES ('Dwarf', 'Hunter');
INSERT INTO `wrm_class_race` VALUES ('Dwarf', 'Paladin');
INSERT INTO `wrm_class_race` VALUES ('Dwarf', 'Death Knight');
INSERT INTO `wrm_class_race` VALUES ('Human', 'Priest');
INSERT INTO `wrm_class_race` VALUES ('Human', 'Rogue');
INSERT INTO `wrm_class_race` VALUES ('Human', 'Warrior');
INSERT INTO `wrm_class_race` VALUES ('Human', 'Mage');
INSERT INTO `wrm_class_race` VALUES ('Human', 'Warlock');
INSERT INTO `wrm_class_race` VALUES ('Human', 'Paladin');
INSERT INTO `wrm_class_race` VALUES ('Human', 'Death Knight');
INSERT INTO `wrm_class_race` VALUES ('Gnome', 'Rogue');
INSERT INTO `wrm_class_race` VALUES ('Gnome', 'Warrior');
INSERT INTO `wrm_class_race` VALUES ('Gnome', 'Mage');
INSERT INTO `wrm_class_race` VALUES ('Gnome', 'Warlock');
INSERT INTO `wrm_class_race` VALUES ('Gnome', 'Death Knight');
INSERT INTO `wrm_class_race` VALUES ('Night Elf', 'Priest');
INSERT INTO `wrm_class_race` VALUES ('Night Elf', 'Rogue');
INSERT INTO `wrm_class_race` VALUES ('Night Elf', 'Warrior');
INSERT INTO `wrm_class_race` VALUES ('Night Elf', 'Druid');
INSERT INTO `wrm_class_race` VALUES ('Night Elf', 'Hunter');
INSERT INTO `wrm_class_race` VALUES ('Night Elf', 'Death Knight');
INSERT INTO `wrm_class_race` VALUES ('Blood Elf', 'Priest');
INSERT INTO `wrm_class_race` VALUES ('Blood Elf', 'Rogue');
INSERT INTO `wrm_class_race` VALUES ('Blood Elf', 'Mage');
INSERT INTO `wrm_class_race` VALUES ('Blood Elf', 'Hunter');
INSERT INTO `wrm_class_race` VALUES ('Blood Elf', 'Warlock');
INSERT INTO `wrm_class_race` VALUES ('Blood Elf', 'Paladin');
INSERT INTO `wrm_class_race` VALUES ('Blood Elf', 'Death Knight');
INSERT INTO `wrm_class_race` VALUES ('Orc', 'Rogue');
INSERT INTO `wrm_class_race` VALUES ('Orc', 'Warrior');
INSERT INTO `wrm_class_race` VALUES ('Orc', 'Hunter');
INSERT INTO `wrm_class_race` VALUES ('Orc', 'Warlock');
INSERT INTO `wrm_class_race` VALUES ('Orc', 'Shaman');
INSERT INTO `wrm_class_race` VALUES ('Orc', 'Death Knight');
INSERT INTO `wrm_class_race` VALUES ('Tauren', 'Warrior');
INSERT INTO `wrm_class_race` VALUES ('Tauren', 'Druid');
INSERT INTO `wrm_class_race` VALUES ('Tauren', 'Shaman');
INSERT INTO `wrm_class_race` VALUES ('Tauren', 'Hunter');
INSERT INTO `wrm_class_race` VALUES ('Tauren', 'Death Knight');
INSERT INTO `wrm_class_race` VALUES ('Troll', 'Priest');
INSERT INTO `wrm_class_race` VALUES ('Troll', 'Rogue');
INSERT INTO `wrm_class_race` VALUES ('Troll', 'Warrior');
INSERT INTO `wrm_class_race` VALUES ('Troll', 'Mage');
INSERT INTO `wrm_class_race` VALUES ('Troll', 'Hunter');
INSERT INTO `wrm_class_race` VALUES ('Troll', 'Shaman');
INSERT INTO `wrm_class_race` VALUES ('Troll', 'Death Knight');
INSERT INTO `wrm_class_race` VALUES ('Undead', 'Priest');
INSERT INTO `wrm_class_race` VALUES ('Undead', 'Rogue');
INSERT INTO `wrm_class_race` VALUES ('Undead', 'Warrior');
INSERT INTO `wrm_class_race` VALUES ('Undead', 'Mage');
INSERT INTO `wrm_class_race` VALUES ('Undead', 'Warlock');
INSERT INTO `wrm_class_race` VALUES ('Undead', 'Death Knight');

DROP TABLE IF EXISTS `wrm_class_role`;
CREATE TABLE `wrm_class_role` (
  `class_id` varchar(100) NOT NULL,
  `subclass` varchar(100) NOT NULL,
  `lang_index` varchar(100) NOT NULL,
  `role_id` varchar(10) default NULL,
  PRIMARY KEY  (`class_id`,`subclass`)
);

-- Column Header Creation
DROP TABLE IF EXISTS `wrm_column_headers`;
CREATE TABLE `wrm_column_headers` (
`ID` INT( 10 ) NOT NULL AUTO_INCREMENT PRIMARY KEY ,
`view_name` VARCHAR( 50 ) NOT NULL ,
`column_name` VARCHAR( 50 ) NOT NULL ,
`visible` TINYINT( 1 ) NOT NULL DEFAULT '1',
`position` TINYINT( 2 ) NOT NULL ,
`img_url` VARCHAR( 100 ) DEFAULT NULL,
`lang_idx_hdr` VARCHAR ( 50 ) DEFAULT NULL,
`format_code` VARCHAR ( 25 ) DEFAULT NULL,
INDEX ( `view_name` )
) ;

-- Column Header Data - Raids1 View
INSERT INTO `wrm_column_headers` ( `ID` , `view_name` , `column_name` , `visible` , `position`, `img_url`, `lang_idx_hdr`, `format_code`)
VALUES (NULL , 'raids1', 'ID', '1', '1', NULL, 'id', NULL);
INSERT INTO `wrm_column_headers` ( `ID` , `view_name` , `column_name` , `visible` , `position`, `img_url`, `lang_idx_hdr`, `format_code`)
VALUES (NULL , 'raids1', 'Date', '1', '2', NULL, 'date', 'wrmdate');
INSERT INTO `wrm_column_headers` ( `ID` , `view_name` , `column_name` , `visible` , `position`, `img_url`, `lang_idx_hdr`, `format_code`)
VALUES (NULL , 'raids1', 'Dungeon', '1', '3', NULL, 'raids_dungeon', NULL);
INSERT INTO `wrm_column_headers` ( `ID` , `view_name` , `column_name` , `visible` , `position`, `img_url`, `lang_idx_hdr`, `format_code`)
VALUES (NULL , 'raids1', 'Invite Time', '1', '4', NULL, 'invite_time', 'wrmtime');
INSERT INTO `wrm_column_headers` ( `ID` , `view_name` , `column_name` , `visible` , `position`, `img_url`, `lang_idx_hdr`, `format_code`)
VALUES (NULL , 'raids1', 'Start Time', '1', '5', NULL, 'start_time', 'wrmtime');
INSERT INTO `wrm_column_headers` ( `ID` , `view_name` , `column_name` , `visible` , `position`, `img_url`, `lang_idx_hdr`, `format_code`)
VALUES (NULL , 'raids1', 'Creator', '1', '6', NULL, 'officer', NULL);
INSERT INTO `wrm_column_headers` ( `ID` , `view_name` , `column_name` , `visible` , `position`, `img_url`, `lang_idx_hdr`, `format_code`)
VALUES (NULL , 'raids1', '@class', '1', '7', NULL, NULL, NULL);
INSERT INTO `wrm_column_headers` ( `ID` , `view_name` , `column_name` , `visible` , `position`, `img_url`, `lang_idx_hdr`, `format_code`)
VALUES (NULL , 'raids1', '@role', '1', '17', NULL, NULL, NULL);
INSERT INTO `wrm_column_headers` ( `ID` , `view_name` , `column_name` , `visible` , `position`, `img_url`, `lang_idx_hdr`, `format_code`)
VALUES (NULL , 'raids1', 'Totals', '1', '23', NULL, 'totals', NULL);
INSERT INTO `wrm_column_headers` ( `ID` , `view_name` , `column_name` , `visible` , `position`, `img_url`, `lang_idx_hdr`, `format_code`)
VALUES (NULL , 'raids1', 'Buttons', '1', '24', NULL, 'buttons', NULL);

-- Column Header Data - Index1 View
INSERT INTO `wrm_column_headers` ( `ID` , `view_name` , `column_name` , `visible` , `position`, `img_url`, `lang_idx_hdr`, `format_code`)
VALUES (NULL , 'index1', 'Signup', '1', '1', NULL, 'signup', NULL);
INSERT INTO `wrm_column_headers` ( `ID` , `view_name` , `column_name` , `visible` , `position`, `img_url`, `lang_idx_hdr`, `format_code`)
VALUES (NULL , 'index1', 'ID', '1', '2', NULL, 'id', NULL);
INSERT INTO `wrm_column_headers` ( `ID` , `view_name` , `column_name` , `visible` , `position`, `img_url`, `lang_idx_hdr`, `format_code`)
VALUES (NULL , 'index1', 'Date', '1', '3', NULL, 'date', 'wrmdate');
INSERT INTO `wrm_column_headers` ( `ID` , `view_name` , `column_name` , `visible` , `position`, `img_url`, `lang_idx_hdr`, `format_code`)
VALUES (NULL , 'index1', 'Dungeon', '1', '4', NULL, 'raids_dungeon', NULL);
INSERT INTO `wrm_column_headers` ( `ID` , `view_name` , `column_name` , `visible` , `position`, `img_url`, `lang_idx_hdr`, `format_code`)
VALUES (NULL , 'index1', 'Invite Time', '1', '5', NULL, 'invite_time', 'wrmtime');
INSERT INTO `wrm_column_headers` ( `ID` , `view_name` , `column_name` , `visible` , `position`, `img_url`, `lang_idx_hdr`, `format_code`)
VALUES (NULL , 'index1', 'Start Time', '1', '6', NULL, 'start_time', 'wrmtime');
INSERT INTO `wrm_column_headers` ( `ID` , `view_name` , `column_name` , `visible` , `position`, `img_url`, `lang_idx_hdr`, `format_code`)
VALUES (NULL , 'index1', 'Creator', '1', '7', NULL, 'officer', NULL);
INSERT INTO `wrm_column_headers` ( `ID` , `view_name` , `column_name` , `visible` , `position`, `img_url`, `lang_idx_hdr`, `format_code`)
VALUES (NULL , 'index1', '@class', '1', '8', NULL, NULL, NULL);
INSERT INTO `wrm_column_headers` ( `ID` , `view_name` , `column_name` , `visible` , `position`, `img_url`, `lang_idx_hdr`, `format_code`)
VALUES (NULL , 'index1', '@role', '1', '18', NULL, NULL, NULL);
INSERT INTO `wrm_column_headers` ( `ID` , `view_name` , `column_name` , `visible` , `position`, `img_url`, `lang_idx_hdr`, `format_code`)
VALUES (NULL , 'index1', 'Totals', '1', '24', NULL, 'totals', NULL);

-- Column Header Data - Announcements1 View
INSERT INTO `wrm_column_headers` ( `ID` , `view_name` , `column_name` , `visible` , `position`, `img_url`, `lang_idx_hdr`, `format_code`)
VALUES (NULL , 'announcements1', 'ID', '1', '1', NULL, 'id', NULL);
INSERT INTO `wrm_column_headers` ( `ID` , `view_name` , `column_name` , `visible` , `position`, `img_url`, `lang_idx_hdr`, `format_code`)
VALUES (NULL , 'announcements1', 'Title', '1', '2', NULL, 'title', NULL);
INSERT INTO `wrm_column_headers` ( `ID` , `view_name` , `column_name` , `visible` , `position`, `img_url`, `lang_idx_hdr`, `format_code`)
VALUES (NULL , 'announcements1', 'Message', '1', '3', NULL, 'message', NULL);
INSERT INTO `wrm_column_headers` ( `ID` , `view_name` , `column_name` , `visible` , `position`, `img_url`, `lang_idx_hdr`, `format_code`)
VALUES (NULL , 'announcements1', 'Posted By', '1', '4', NULL, 'posted_by', NULL);
INSERT INTO `wrm_column_headers` ( `ID` , `view_name` , `column_name` , `visible` , `position`, `img_url`, `lang_idx_hdr`, `format_code`)
VALUES (NULL , 'announcements1', 'Create Date', '1', '5', NULL, 'create_date', 'wrmdate');
INSERT INTO `wrm_column_headers` ( `ID` , `view_name` , `column_name` , `visible` , `position`, `img_url`, `lang_idx_hdr`, `format_code`)
VALUES (NULL , 'announcements1', 'Create Time', '1', '6', NULL, 'create_time', 'wrmtime');
INSERT INTO `wrm_column_headers` ( `ID` , `view_name` , `column_name` , `visible` , `position`, `img_url`, `lang_idx_hdr`, `format_code`)
VALUES (NULL , 'announcements1', 'Buttons', '1', '7', NULL, 'buttons', NULL);

-- Column Header Data - DKP1 View
INSERT INTO `wrm_column_headers` ( `ID` , `view_name` , `column_name` , `visible` , `position`, `img_url`, `lang_idx_hdr`, `format_code`)
VALUES (NULL , 'dkp1', 'ID', '1', '1', NULL, 'id', NULL);
INSERT INTO `wrm_column_headers` ( `ID` , `view_name` , `column_name` , `visible` , `position`, `img_url`, `lang_idx_hdr`, `format_code`)
VALUES (NULL , 'dkp1', 'Name', '1', '2', NULL, 'name', NULL);
INSERT INTO `wrm_column_headers` ( `ID` , `view_name` , `column_name` , `visible` , `position`, `img_url`, `lang_idx_hdr`, `format_code`)
VALUES (NULL , 'dkp1', 'Class', '1', '3', NULL, 'class', NULL);
INSERT INTO `wrm_column_headers` ( `ID` , `view_name` , `column_name` , `visible` , `position`, `img_url`, `lang_idx_hdr`, `format_code`)
VALUES (NULL , 'dkp1', 'Earned', '1', '4', NULL, 'earned', NULL);
INSERT INTO `wrm_column_headers` ( `ID` , `view_name` , `column_name` , `visible` , `position`, `img_url`, `lang_idx_hdr`, `format_code`)
VALUES (NULL , 'dkp1', 'Spent', '1', '5', NULL, 'spent', NULL);
INSERT INTO `wrm_column_headers` ( `ID` , `view_name` , `column_name` , `visible` , `position`, `img_url`, `lang_idx_hdr`, `format_code`)
VALUES (NULL , 'dkp1', 'Adjustment', '1', '6', NULL, 'adjustment', NULL);
INSERT INTO `wrm_column_headers` ( `ID` , `view_name` , `column_name` , `visible` , `position`, `img_url`, `lang_idx_hdr`, `format_code`)
VALUES (NULL , 'dkp1', 'DKP', '1', '7', NULL, 'dkp', NULL);

-- Column Header Data - Team1 View (Remove)
INSERT INTO `wrm_column_headers` ( `ID` , `view_name` , `column_name` , `visible` , `position`, `img_url`, `lang_idx_hdr`, `format_code`)
VALUES (NULL , 'team1', 'ID', '1', '1', NULL, 'id', NULL);
INSERT INTO `wrm_column_headers` ( `ID` , `view_name` , `column_name` , `visible` , `position`, `img_url`, `lang_idx_hdr`, `format_code`)
VALUES (NULL , 'team1', 'Name', '1', '2', NULL, 'name', NULL);
INSERT INTO `wrm_column_headers` ( `ID` , `view_name` , `column_name` , `visible` , `position`, `img_url`, `lang_idx_hdr`, `format_code`)
VALUES (NULL , 'team1', 'Class', '1', '3', NULL, 'class', NULL);
INSERT INTO `wrm_column_headers` ( `ID` , `view_name` , `column_name` , `visible` , `position`, `img_url`, `lang_idx_hdr`, `format_code`)
VALUES (NULL , 'team1', 'Guild', '1', '4', NULL, 'guild', NULL);
INSERT INTO `wrm_column_headers` ( `ID` , `view_name` , `column_name` , `visible` , `position`, `img_url`, `lang_idx_hdr`, `format_code`)
VALUES (NULL , 'team1', 'Level', '1', '5', NULL, 'level', NULL);
INSERT INTO `wrm_column_headers` ( `ID` , `view_name` , `column_name` , `visible` , `position`, `img_url`, `lang_idx_hdr`, `format_code`)
VALUES (NULL , 'team1', 'Team Name', '1', '6', NULL, 'team_name', NULL);
INSERT INTO `wrm_column_headers` ( `ID` , `view_name` , `column_name` , `visible` , `position`, `img_url`, `lang_idx_hdr`, `format_code`)
VALUES (NULL , 'team1', 'Buttons', '1', '7', NULL, 'buttons', NULL);

-- Column Header Data - Team2 View (Add)
INSERT INTO `wrm_column_headers` ( `ID` , `view_name` , `column_name` , `visible` , `position`, `img_url`, `lang_idx_hdr`, `format_code`)
VALUES (NULL , 'team2', 'ID', '1', '1', NULL, 'id', NULL);
INSERT INTO `wrm_column_headers` ( `ID` , `view_name` , `column_name` , `visible` , `position`, `img_url`, `lang_idx_hdr`, `format_code`)
VALUES (NULL , 'team2', 'Name', '1', '2', NULL, 'name', NULL);
INSERT INTO `wrm_column_headers` ( `ID` , `view_name` , `column_name` , `visible` , `position`, `img_url`, `lang_idx_hdr`, `format_code`)
VALUES (NULL , 'team2', 'Class', '1', '3', NULL, 'class', NULL);
INSERT INTO `wrm_column_headers` ( `ID` , `view_name` , `column_name` , `visible` , `position`, `img_url`, `lang_idx_hdr`, `format_code`)
VALUES (NULL , 'team2', 'Guild', '1', '4', NULL, 'guild', NULL);
INSERT INTO `wrm_column_headers` ( `ID` , `view_name` , `column_name` , `visible` , `position`, `img_url`, `lang_idx_hdr`, `format_code`)
VALUES (NULL , 'team2', 'Level', '1', '5', NULL, 'level', NULL);
INSERT INTO `wrm_column_headers` ( `ID` , `view_name` , `column_name` , `visible` , `position`, `img_url`, `lang_idx_hdr`, `format_code`)
VALUES (NULL , 'team2', 'Add To Team', '1', '7', NULL, 'add_to_team', NULL);

-- Column Header Data - Guild1 View
INSERT INTO `wrm_column_headers` ( `ID` , `view_name` , `column_name` , `visible` , `position`, `img_url`, `lang_idx_hdr`, `format_code`)
VALUES (NULL , 'guild1', 'ID', '1', '1', NULL, 'id', NULL);
INSERT INTO `wrm_column_headers` ( `ID` , `view_name` , `column_name` , `visible` , `position`, `img_url`, `lang_idx_hdr`, `format_code`)
VALUES (NULL , 'guild1', 'Guild Name', '1', '2', NULL, 'guild_name', NULL);
INSERT INTO `wrm_column_headers` ( `ID` , `view_name` , `column_name` , `visible` , `position`, `img_url`, `lang_idx_hdr`, `format_code`)
VALUES (NULL , 'guild1', 'Guild Tag', '1', '3', NULL, 'guild_tag', NULL);
INSERT INTO `wrm_column_headers` ( `ID` , `view_name` , `column_name` , `visible` , `position`, `img_url`, `lang_idx_hdr`, `format_code`)
VALUES (NULL , 'guild1', 'Guild Master', '1', '4', NULL, 'guild_master', NULL);
INSERT INTO `wrm_column_headers` ( `ID` , `view_name` , `column_name` , `visible` , `position`, `img_url`, `lang_idx_hdr`, `format_code`)
VALUES (NULL , 'guild1', 'Buttons', '1', '5', NULL, 'buttons', NULL);

-- Column Header Data - Location1 View
INSERT INTO `wrm_column_headers` ( `ID` , `view_name` , `column_name` , `visible` , `position`, `img_url`, `lang_idx_hdr`, `format_code`)
VALUES (NULL , 'location1', 'ID', '1', '1', NULL, 'id', NULL);
INSERT INTO `wrm_column_headers` ( `ID` , `view_name` , `column_name` , `visible` , `position`, `img_url`, `lang_idx_hdr`, `format_code`)
VALUES (NULL , 'location1', 'Name', '1', '2', NULL, 'name', NULL);
INSERT INTO `wrm_column_headers` ( `ID` , `view_name` , `column_name` , `visible` , `position`, `img_url`, `lang_idx_hdr`, `format_code`)
VALUES (NULL , 'location1', 'Dungeon', '1', '3', NULL, 'raids_dungeon', NULL);
INSERT INTO `wrm_column_headers` ( `ID` , `view_name` , `column_name` , `visible` , `position`, `img_url`, `lang_idx_hdr`, `format_code`)
VALUES (NULL , 'location1', 'Event Type', '1', '4', NULL, 'raids_eventtype_text', NULL);
INSERT INTO `wrm_column_headers` ( `ID` , `view_name` , `column_name` , `visible` , `position`, `img_url`, `lang_idx_hdr`, `format_code`)
VALUES (NULL , 'location1', 'Min Level', '1', '5', NULL, 'min_lvl', NULL);
INSERT INTO `wrm_column_headers` ( `ID` , `view_name` , `column_name` , `visible` , `position`, `img_url`, `lang_idx_hdr`, `format_code`)
VALUES (NULL , 'location1', 'Max Level', '1', '6', NULL, 'max_lvl', NULL);
INSERT INTO `wrm_column_headers` ( `ID` , `view_name` , `column_name` , `visible` , `position`, `img_url`, `lang_idx_hdr`, `format_code`)
VALUES (NULL , 'location1', '@class', '1', '7', NULL, NULL, NULL);
INSERT INTO `wrm_column_headers` ( `ID` , `view_name` , `column_name` , `visible` , `position`, `img_url`, `lang_idx_hdr`, `format_code`)
VALUES (NULL , 'location1', '@role', '1', '17', NULL, NULL, NULL);
INSERT INTO `wrm_column_headers` ( `ID` , `view_name` , `column_name` , `visible` , `position`, `img_url`, `lang_idx_hdr`, `format_code`)
VALUES (NULL , 'location1', 'Raid Max', '1', '23', NULL, 'max_raiders', NULL);
INSERT INTO `wrm_column_headers` ( `ID` , `view_name` , `column_name` , `visible` , `position`, `img_url`, `lang_idx_hdr`, `format_code`)
VALUES (NULL , 'location1', 'Locked', '1', '24', NULL, 'locked_header', NULL);
INSERT INTO `wrm_column_headers` ( `ID` , `view_name` , `column_name` , `visible` , `position`, `img_url`, `lang_idx_hdr`, `format_code`)
VALUES (NULL , 'location1', 'Buttons', '1', '25', NULL, 'buttons', NULL);

-- Column Header Data - Char1 View
INSERT INTO `wrm_column_headers` ( `ID` , `view_name` , `column_name` , `visible` , `position`, `img_url`, `lang_idx_hdr`, `format_code`)
VALUES (NULL , 'char1', 'ID', '1', '1', NULL, 'id', NULL);
INSERT INTO `wrm_column_headers` ( `ID` , `view_name` , `column_name` , `visible` , `position`, `img_url`, `lang_idx_hdr`, `format_code`)
VALUES (NULL , 'char1', 'Name', '1', '2', NULL, 'name', NULL);
INSERT INTO `wrm_column_headers` ( `ID` , `view_name` , `column_name` , `visible` , `position`, `img_url`, `lang_idx_hdr`, `format_code`)
VALUES (NULL , 'char1', 'Guild', '1', '3', NULL, 'guild', NULL);
INSERT INTO `wrm_column_headers` ( `ID` , `view_name` , `column_name` , `visible` , `position`, `img_url`, `lang_idx_hdr`, `format_code`)
VALUES (NULL , 'char1', 'Level', '1', '4', NULL, 'level', NULL);
INSERT INTO `wrm_column_headers` ( `ID` , `view_name` , `column_name` , `visible` , `position`, `img_url`, `lang_idx_hdr`, `format_code`)
VALUES (NULL , 'char1', 'Race', '1', '5', NULL, 'race', NULL);
INSERT INTO `wrm_column_headers` ( `ID` , `view_name` , `column_name` , `visible` , `position`, `img_url`, `lang_idx_hdr`, `format_code`)
VALUES (NULL , 'char1', 'Class', '1', '6', NULL, 'class', NULL);
INSERT INTO `wrm_column_headers` ( `ID` , `view_name` , `column_name` , `visible` , `position`, `img_url`, `lang_idx_hdr`, `format_code`)
VALUES (NULL , 'char1', 'Arcane', '1', '7', '/images/resistances/arcane_resistance.gif', 'arcane', NULL);
INSERT INTO `wrm_column_headers` ( `ID` , `view_name` , `column_name` , `visible` , `position`, `img_url`, `lang_idx_hdr`, `format_code`)
VALUES (NULL , 'char1', 'Fire', '1', '8', '/images/resistances/fire_resistance.gif', 'fire', NULL);
INSERT INTO `wrm_column_headers` ( `ID` , `view_name` , `column_name` , `visible` , `position`, `img_url`, `lang_idx_hdr`, `format_code`)
VALUES (NULL , 'char1', 'Frost', '1', '9', '/images/resistances/frost_resistance.gif', 'frost', NULL);
INSERT INTO `wrm_column_headers` ( `ID` , `view_name` , `column_name` , `visible` , `position`, `img_url`, `lang_idx_hdr`, `format_code`)
VALUES (NULL , 'char1', 'Nature', '1', '10', '/images/resistances/nature_resistance.gif', 'nature', NULL);
INSERT INTO `wrm_column_headers` ( `ID` , `view_name` , `column_name` , `visible` , `position`, `img_url`, `lang_idx_hdr`, `format_code`)
VALUES (NULL , 'char1', 'Shadow', '1', '11', '/images/resistances/shadow_resistance.gif', 'shadow', NULL);
INSERT INTO `wrm_column_headers` ( `ID` , `view_name` , `column_name` , `visible` , `position`, `img_url`, `lang_idx_hdr`, `format_code`)
VALUES (NULL , 'char1', 'Pri_Spec', '1', '12', NULL, 'pri_spec', NULL);
INSERT INTO `wrm_column_headers` ( `ID` , `view_name` , `column_name` , `visible` , `position`, `img_url`, `lang_idx_hdr`, `format_code`)
VALUES (NULL , 'char1', 'Sec_Spec', '1', '13', NULL, 'sec_spec', NULL);
INSERT INTO `wrm_column_headers` ( `ID` , `view_name` , `column_name` , `visible` , `position`, `img_url`, `lang_idx_hdr`, `format_code`)
VALUES (NULL , 'char1', 'Buttons', '1', '14', NULL, 'buttons', NULL);

-- Column Header Data - Users1 View
INSERT INTO `wrm_column_headers` ( `ID` , `view_name` , `column_name` , `visible` , `position`, `img_url`, `lang_idx_hdr`, `format_code`)
VALUES (NULL , 'users1', 'ID', '1', '1', NULL, 'id', NULL);
INSERT INTO `wrm_column_headers` ( `ID` , `view_name` , `column_name` , `visible` , `position`, `img_url`, `lang_idx_hdr`, `format_code`)
VALUES (NULL , 'users1', 'Username', '1', '2', NULL, 'username', NULL);
INSERT INTO `wrm_column_headers` ( `ID` , `view_name` , `column_name` , `visible` , `position`, `img_url`, `lang_idx_hdr`, `format_code`)
VALUES (NULL , 'users1', 'E-Mail', '1', '3', NULL, 'email', NULL);
INSERT INTO `wrm_column_headers` ( `ID` , `view_name` , `column_name` , `visible` , `position`, `img_url`, `lang_idx_hdr`, `format_code`)
VALUES (NULL , 'users1', 'Privileges', '1', '4', NULL, 'priv', NULL);
INSERT INTO `wrm_column_headers` ( `ID` , `view_name` , `column_name` , `visible` , `position`, `img_url`, `lang_idx_hdr`, `format_code`)
VALUES (NULL , 'users1', 'Last Login Date', '1', '5', NULL, 'last_login_date', 'wrmdate');
INSERT INTO `wrm_column_headers` ( `ID` , `view_name` , `column_name` , `visible` , `position`, `img_url`, `lang_idx_hdr`, `format_code`)
VALUES (NULL , 'users1', 'Last Login Time', '1', '6', NULL, 'last_login_time', 'wrmtime');
INSERT INTO `wrm_column_headers` ( `ID` , `view_name` , `column_name` , `visible` , `position`, `img_url`, `lang_idx_hdr`, `format_code`)
VALUES (NULL , 'users1', 'Buttons', '1', '7', NULL, 'buttons', NULL);

-- Column Header Data - roster1 View
INSERT INTO `wrm_column_headers` ( `ID` , `view_name` , `column_name` , `visible` , `position`, `img_url`, `lang_idx_hdr`, `format_code`)
VALUES (NULL , 'roster1', 'ID', '1', '1', NULL, 'id', NULL);
INSERT INTO `wrm_column_headers` ( `ID` , `view_name` , `column_name` , `visible` , `position`, `img_url`, `lang_idx_hdr`, `format_code`)
VALUES (NULL , 'roster1', 'Name', '1', '2', NULL, 'name', NULL);
INSERT INTO `wrm_column_headers` ( `ID` , `view_name` , `column_name` , `visible` , `position`, `img_url`, `lang_idx_hdr`, `format_code`)
VALUES (NULL , 'roster1', 'Guild', '1', '3', NULL, 'guild', NULL);
INSERT INTO `wrm_column_headers` ( `ID` , `view_name` , `column_name` , `visible` , `position`, `img_url`, `lang_idx_hdr`, `format_code`)
VALUES (NULL , 'roster1', 'Level', '1', '4', NULL, 'level', NULL);
INSERT INTO `wrm_column_headers` ( `ID` , `view_name` , `column_name` , `visible` , `position`, `img_url`, `lang_idx_hdr`, `format_code`)
VALUES (NULL , 'roster1', 'Race', '1', '5', NULL, 'race', NULL);
INSERT INTO `wrm_column_headers` ( `ID` , `view_name` , `column_name` , `visible` , `position`, `img_url`, `lang_idx_hdr`, `format_code`)
VALUES (NULL , 'roster1', 'Class', '1', '6', NULL, 'class', NULL);
INSERT INTO `wrm_column_headers` ( `ID` , `view_name` , `column_name` , `visible` , `position`, `img_url`, `lang_idx_hdr`, `format_code`)
VALUES (NULL , 'roster1', 'Arcane', '1', '7', '/images/resistances/arcane_resistance.gif', 'arcane', NULL);
INSERT INTO `wrm_column_headers` ( `ID` , `view_name` , `column_name` , `visible` , `position`, `img_url`, `lang_idx_hdr`, `format_code`)
VALUES (NULL , 'roster1', 'Fire', '1', '8', '/images/resistances/fire_resistance.gif', 'fire', NULL);
INSERT INTO `wrm_column_headers` ( `ID` , `view_name` , `column_name` , `visible` , `position`, `img_url`, `lang_idx_hdr`, `format_code`)
VALUES (NULL , 'roster1', 'Frost', '1', '9', '/images/resistances/frost_resistance.gif', 'frost', NULL);
INSERT INTO `wrm_column_headers` ( `ID` , `view_name` , `column_name` , `visible` , `position`, `img_url`, `lang_idx_hdr`, `format_code`)
VALUES (NULL , 'roster1', 'Nature', '1', '10', '/images/resistances/nature_resistance.gif', 'nature', NULL);
INSERT INTO `wrm_column_headers` ( `ID` , `view_name` , `column_name` , `visible` , `position`, `img_url`, `lang_idx_hdr`, `format_code`)
VALUES (NULL , 'roster1', 'Shadow', '1', '11', '/images/resistances/shadow_resistance.gif', 'shadow', NULL);
INSERT INTO `wrm_column_headers` ( `ID` , `view_name` , `column_name` , `visible` , `position`, `img_url`, `lang_idx_hdr`, `format_code`)
VALUES (NULL , 'roster1', 'Role', '1', '12', NULL, 'role', NULL);
INSERT INTO `wrm_column_headers` ( `ID` , `view_name` , `column_name` , `visible` , `position`, `img_url`, `lang_idx_hdr`, `format_code`)
VALUES (NULL , 'roster1', 'Profile', '1', '13', NULL, 'profile', NULL);

-- Column Header Data - Permissions1 View
INSERT INTO `wrm_column_headers` ( `ID` , `view_name` , `column_name` , `visible` , `position`, `img_url`, `lang_idx_hdr`, `format_code`)
VALUES (NULL , 'permissions1', 'ID', '1', '1', NULL, 'id', NULL);
INSERT INTO `wrm_column_headers` ( `ID` , `view_name` , `column_name` , `visible` , `position`, `img_url`, `lang_idx_hdr`, `format_code`)
VALUES (NULL , 'permissions1', 'Name', '1', '2', NULL, 'name', NULL);
INSERT INTO `wrm_column_headers` ( `ID` , `view_name` , `column_name` , `visible` , `position`, `img_url`, `lang_idx_hdr`, `format_code`)
VALUES (NULL , 'permissions1', 'Description', '1', '3', NULL, 'Description', NULL);
INSERT INTO `wrm_column_headers` ( `ID` , `view_name` , `column_name` , `visible` , `position`, `img_url`, `lang_idx_hdr`, `format_code`)
VALUES (NULL , 'permissions1', 'An', '1', '4', NULL, 'announcements', NULL);
INSERT INTO `wrm_column_headers` ( `ID` , `view_name` , `column_name` , `visible` , `position`, `img_url`, `lang_idx_hdr`, `format_code`)
VALUES (NULL , 'permissions1', 'Co', '1', '5', NULL, 'configuration', NULL);
INSERT INTO `wrm_column_headers` ( `ID` , `view_name` , `column_name` , `visible` , `position`, `img_url`, `lang_idx_hdr`, `format_code`)
VALUES (NULL , 'permissions1', 'Gu', '1', '6', NULL, 'guilds', NULL);
INSERT INTO `wrm_column_headers` ( `ID` , `view_name` , `column_name` , `visible` , `position`, `img_url`, `lang_idx_hdr`, `format_code`)
VALUES (NULL , 'permissions1', 'Lo', '1', '7', NULL, 'locations', NULL);
INSERT INTO `wrm_column_headers` ( `ID` , `view_name` , `column_name` , `visible` , `position`, `img_url`, `lang_idx_hdr`, `format_code`)
VALUES (NULL , 'permissions1', 'Lg', '1', '8', NULL, 'logs', NULL);
INSERT INTO `wrm_column_headers` ( `ID` , `view_name` , `column_name` , `visible` , `position`, `img_url`, `lang_idx_hdr`, `format_code`)
VALUES (NULL , 'permissions1', 'Pe', '1', '9', NULL, 'permissions', NULL);
INSERT INTO `wrm_column_headers` ( `ID` , `view_name` , `column_name` , `visible` , `position`, `img_url`, `lang_idx_hdr`, `format_code`)
VALUES (NULL , 'permissions1', 'Pr', '1', '10', NULL, 'profile', NULL);
INSERT INTO `wrm_column_headers` ( `ID` , `view_name` , `column_name` , `visible` , `position`, `img_url`, `lang_idx_hdr`, `format_code`)
VALUES (NULL , 'permissions1', 'Us', '1', '11', NULL, 'users', NULL);
INSERT INTO `wrm_column_headers` ( `ID` , `view_name` , `column_name` , `visible` , `position`, `img_url`, `lang_idx_hdr`, `format_code`)
VALUES (NULL , 'permissions1', 'Ra', '1', '12', NULL, 'raids', NULL);
INSERT INTO `wrm_column_headers` ( `ID` , `view_name` , `column_name` , `visible` , `position`, `img_url`, `lang_idx_hdr`, `format_code`)
VALUES (NULL , 'permissions1', 'Buttons', '1', '13', NULL, 'buttons', NULL);

-- Column Header Data - Permissions2 View - User Details
INSERT INTO `wrm_column_headers` ( `ID` , `view_name` , `column_name` , `visible` , `position`, `img_url`, `lang_idx_hdr`, `format_code`)
VALUES (NULL , 'permissions2', 'ID', '1', '1', NULL, 'id', NULL);
INSERT INTO `wrm_column_headers` ( `ID` , `view_name` , `column_name` , `visible` , `position`, `img_url`, `lang_idx_hdr`, `format_code`)
VALUES (NULL , 'permissions2', 'Username', '1', '2', NULL, 'username', NULL);
INSERT INTO `wrm_column_headers` ( `ID` , `view_name` , `column_name` , `visible` , `position`, `img_url`, `lang_idx_hdr`, `format_code`)
VALUES (NULL , 'permissions2', 'E-Mail', '1', '3', NULL, 'email', NULL);
INSERT INTO `wrm_column_headers` ( `ID` , `view_name` , `column_name` , `visible` , `position`, `img_url`, `lang_idx_hdr`, `format_code`)
VALUES (NULL , 'permissions2', 'Buttons', '1', '4', NULL, 'buttons', NULL);

-- Column Header Data - raidview1 View
INSERT INTO `wrm_column_headers` ( `ID` , `view_name` , `column_name` , `visible` , `position`, `img_url`, `lang_idx_hdr`, `format_code`)
VALUES (NULL , 'raidview1', 'ID', '1', '1', NULL, 'id', NULL);
INSERT INTO `wrm_column_headers` ( `ID` , `view_name` , `column_name` , `visible` , `position`, `img_url`, `lang_idx_hdr`, `format_code`)
VALUES (NULL , 'raidview1', 'Name', '1', '2', NULL, 'name', NULL);
INSERT INTO `wrm_column_headers` ( `ID` , `view_name` , `column_name` , `visible` , `position`, `img_url`, `lang_idx_hdr`, `format_code`)
VALUES (NULL , 'raidview1', 'Guild', '1', '3', NULL, 'guild', NULL);
INSERT INTO `wrm_column_headers` ( `ID` , `view_name` , `column_name` , `visible` , `position`, `img_url`, `lang_idx_hdr`, `format_code`)
VALUES (NULL , 'raidview1', 'Comments', '1', '4', NULL, 'comments', NULL);
INSERT INTO `wrm_column_headers` ( `ID` , `view_name` , `column_name` , `visible` , `position`, `img_url`, `lang_idx_hdr`, `format_code`)
VALUES (NULL , 'raidview1', 'Team Name', '1', '5', NULL, 'team_name', NULL);
INSERT INTO `wrm_column_headers` ( `ID` , `view_name` , `column_name` , `visible` , `position`, `img_url`, `lang_idx_hdr`, `format_code`)
VALUES (NULL , 'raidview1', 'Level', '1', '6', NULL, 'level', NULL);
INSERT INTO `wrm_column_headers` ( `ID` , `view_name` , `column_name` , `visible` , `position`, `img_url`, `lang_idx_hdr`, `format_code`)
VALUES (NULL , 'raidview1', 'Race', '1', '7', NULL, 'race', NULL);
INSERT INTO `wrm_column_headers` ( `ID` , `view_name` , `column_name` , `visible` , `position`, `img_url`, `lang_idx_hdr`, `format_code`)
VALUES (NULL , 'raidview1', 'Class', '1', '8', NULL, 'class', NULL);
INSERT INTO `wrm_column_headers` ( `ID` , `view_name` , `column_name` , `visible` , `position`, `img_url`, `lang_idx_hdr`, `format_code`)
VALUES (NULL , 'raidview1', 'Pri_Spec', '1', '9', NULL, 'pri_spec', NULL);
INSERT INTO `wrm_column_headers` ( `ID` , `view_name` , `column_name` , `visible` , `position`, `img_url`, `lang_idx_hdr`, `format_code`)
VALUES (NULL , 'raidview1', 'Sec_Spec', '1', '10', NULL, 'sec_spec', NULL);
INSERT INTO `wrm_column_headers` ( `ID` , `view_name` , `column_name` , `visible` , `position`, `img_url`, `lang_idx_hdr`, `format_code`)
VALUES (NULL , 'raidview1', 'Arcane', '1', '11', '/images/resistances/arcane_resistance.gif', 'arcane', NULL);
INSERT INTO `wrm_column_headers` ( `ID` , `view_name` , `column_name` , `visible` , `position`, `img_url`, `lang_idx_hdr`, `format_code`)
VALUES (NULL , 'raidview1', 'Fire', '1', '12', '/images/resistances/fire_resistance.gif', 'fire', NULL);
INSERT INTO `wrm_column_headers` ( `ID` , `view_name` , `column_name` , `visible` , `position`, `img_url`, `lang_idx_hdr`, `format_code`)
VALUES (NULL , 'raidview1', 'Nature', '1', '13', '/images/resistances/nature_resistance.gif', 'nature', NULL);
INSERT INTO `wrm_column_headers` ( `ID` , `view_name` , `column_name` , `visible` , `position`, `img_url`, `lang_idx_hdr`, `format_code`)
VALUES (NULL , 'raidview1', 'Frost', '1', '14', '/images/resistances/frost_resistance.gif', 'frost', NULL);
INSERT INTO `wrm_column_headers` ( `ID` , `view_name` , `column_name` , `visible` , `position`, `img_url`, `lang_idx_hdr`, `format_code`)
VALUES (NULL , 'raidview1', 'Shadow', '1', '15', '/images/resistances/shadow_resistance.gif', 'shadow', NULL);
INSERT INTO `wrm_column_headers` ( `ID` , `view_name` , `column_name` , `visible` , `position`, `img_url`, `lang_idx_hdr`, `format_code`)
VALUES (NULL , 'raidview1', 'Date', '1', '16', NULL, 'date', 'wrmdate');
INSERT INTO `wrm_column_headers` ( `ID` , `view_name` , `column_name` , `visible` , `position`, `img_url`, `lang_idx_hdr`, `format_code`)
VALUES (NULL , 'raidview1', 'Time', '1', '17', NULL, 'time', 'wrmtime');
INSERT INTO `wrm_column_headers` ( `ID` , `view_name` , `column_name` , `visible` , `position`, `img_url`, `lang_idx_hdr`, `format_code`)
VALUES (NULL , 'raidview1', 'Buttons', '1', '18', NULL, 'buttons', NULL);

-- Column Header Data - raidview2 View
INSERT INTO `wrm_column_headers` ( `ID` , `view_name` , `column_name` , `visible` , `position`, `img_url`, `lang_idx_hdr`, `format_code`)
VALUES (NULL , 'raidview2', 'ID', '1', '1', NULL, 'id', NULL);
INSERT INTO `wrm_column_headers` ( `ID` , `view_name` , `column_name` , `visible` , `position`, `img_url`, `lang_idx_hdr`, `format_code`)
VALUES (NULL , 'raidview2', 'Name', '1', '2', NULL, 'name', NULL);
INSERT INTO `wrm_column_headers` ( `ID` , `view_name` , `column_name` , `visible` , `position`, `img_url`, `lang_idx_hdr`, `format_code`)
VALUES (NULL , 'raidview2', 'Guild', '1', '3', NULL, 'guild', NULL);
INSERT INTO `wrm_column_headers` ( `ID` , `view_name` , `column_name` , `visible` , `position`, `img_url`, `lang_idx_hdr`, `format_code`)
VALUES (NULL , 'raidview2', 'Comments', '1', '4', NULL, 'comments', NULL);
INSERT INTO `wrm_column_headers` ( `ID` , `view_name` , `column_name` , `visible` , `position`, `img_url`, `lang_idx_hdr`, `format_code`)
VALUES (NULL , 'raidview2', 'Level', '1', '6', NULL, 'level', NULL);
INSERT INTO `wrm_column_headers` ( `ID` , `view_name` , `column_name` , `visible` , `position`, `img_url`, `lang_idx_hdr`, `format_code`)
VALUES (NULL , 'raidview2', 'Race', '1', '7', NULL, 'race', NULL);
INSERT INTO `wrm_column_headers` ( `ID` , `view_name` , `column_name` , `visible` , `position`, `img_url`, `lang_idx_hdr`, `format_code`)
VALUES (NULL , 'raidview2', 'Class', '1', '8', NULL, 'class', NULL);
INSERT INTO `wrm_column_headers` ( `ID` , `view_name` , `column_name` , `visible` , `position`, `img_url`, `lang_idx_hdr`, `format_code`)
VALUES (NULL , 'raidview2', 'Date', '1', '9', NULL, 'date', 'wrmdate');
INSERT INTO `wrm_column_headers` ( `ID` , `view_name` , `column_name` , `visible` , `position`, `img_url`, `lang_idx_hdr`, `format_code`)
VALUES (NULL , 'raidview2', 'Time', '1', '10', NULL, 'time', 'wrmtime');
INSERT INTO `wrm_column_headers` ( `ID` , `view_name` , `column_name` , `visible` , `position`, `img_url`, `lang_idx_hdr`, `format_code`)
VALUES (NULL , 'raidview2', 'Signup_Spec', '1', '11', NULL, 'signup_spec', NULL);
INSERT INTO `wrm_column_headers` ( `ID` , `view_name` , `column_name` , `visible` , `position`, `img_url`, `lang_idx_hdr`, `format_code`)
VALUES (NULL , 'raidview2', 'Buttons', '1', '12', NULL, 'buttons', NULL);

-- Gender Table Creation
CREATE TABLE IF NOT EXISTS `wrm_gender` (
  `gender_id` varchar(10) NOT NULL,
  `lang_index` varchar(100) NOT NULL,
  PRIMARY KEY  (`gender_id`)
);

-- Gender Table Data
INSERT INTO `wrm_gender` VALUES ('Male', 'male');
INSERT INTO `wrm_gender` VALUES ('Female', 'female');

CREATE TABLE IF NOT EXISTS `wrm_loc_class_lmt` (
  `location_id` int(10) NOT NULL,
  `class_id` varchar(100) NOT NULL,
  `lmt` int(2) NOT NULL,
  PRIMARY KEY  (`location_id`,`class_id`)
);
  
CREATE TABLE IF NOT EXISTS `wrm_loc_role_lmt` (
  `location_id` int(10) NOT NULL,
  `role_id` varchar(10) NOT NULL,
  `lmt` int(2) NOT NULL,
  PRIMARY KEY  (`location_id`,`role_id`)
);

CREATE TABLE IF NOT EXISTS `wrm_races` (
  `race_id` varchar(100) NOT NULL,
  `faction` varchar(100) NOT NULL,
  `lang_index` varchar(100) NOT NULL,
  PRIMARY KEY  (`race_id`)
);

INSERT INTO `wrm_races` VALUES ('Draenei', 'Alliance', 'draenei');
INSERT INTO `wrm_races` VALUES ('Dwarf', 'Alliance', 'dwarf');
INSERT INTO `wrm_races` VALUES ('Human', 'Alliance', 'human');
INSERT INTO `wrm_races` VALUES ('Gnome', 'Alliance', 'gnome');
INSERT INTO `wrm_races` VALUES ('Night Elf', 'Alliance', 'night_elf');
INSERT INTO `wrm_races` VALUES ('Blood Elf', 'Horde', 'blood_elf');
INSERT INTO `wrm_races` VALUES ('Orc', 'Horde', 'orc');
INSERT INTO `wrm_races` VALUES ('Tauren', 'Horde', 'tauren');
INSERT INTO `wrm_races` VALUES ('Troll', 'Horde', 'troll');
INSERT INTO `wrm_races` VALUES ('Undead', 'Horde', 'undead');

CREATE TABLE IF NOT EXISTS `wrm_race_gender` (
  `race_id` varchar(100) NOT NULL,
  `gender_id` varchar(10) NOT NULL,
  `image` varchar(100) NOT NULL,
  PRIMARY KEY  (`race_id`,`gender_id`)
);

INSERT INTO `wrm_race_gender` VALUES ('Draenei', 'Male', '/images/faces/dr_male.gif');
INSERT INTO `wrm_race_gender` VALUES ('Draenei', 'Female', '/images/faces/dr_female.gif');
INSERT INTO `wrm_race_gender` VALUES ('Dwarf', 'Male', '/images/faces/dw_male.gif');
INSERT INTO `wrm_race_gender` VALUES ('Dwarf', 'Female', '/images/faces/dw_female.gif');
INSERT INTO `wrm_race_gender` VALUES ('Human', 'Male', '/images/faces/hu_male.gif');
INSERT INTO `wrm_race_gender` VALUES ('Human', 'Female', '/images/faces/hu_female.gif');
INSERT INTO `wrm_race_gender` VALUES ('Gnome', 'Male', '/images/faces/gn_male.gif');
INSERT INTO `wrm_race_gender` VALUES ('Gnome', 'Female', '/images/faces/gn_female.gif');
INSERT INTO `wrm_race_gender` VALUES ('Night Elf', 'Male', '/images/faces/ne_male.gif');
INSERT INTO `wrm_race_gender` VALUES ('Night Elf', 'Female', '/images/faces/ne_female.gif');
INSERT INTO `wrm_race_gender` VALUES ('Blood Elf', 'Male', '/images/faces/be_male.gif');
INSERT INTO `wrm_race_gender` VALUES ('Blood Elf', 'Female', '/images/faces/be_female.gif');
INSERT INTO `wrm_race_gender` VALUES ('Orc', 'Male', '/images/faces/or_male.gif');
INSERT INTO `wrm_race_gender` VALUES ('Orc', 'Female', '/images/faces/or_female.gif');
INSERT INTO `wrm_race_gender` VALUES ('Tauren', 'Male', '/images/faces/ta_male.gif');
INSERT INTO `wrm_race_gender` VALUES ('Tauren', 'Female', '/images/faces/ta_female.gif');
INSERT INTO `wrm_race_gender` VALUES ('Troll', 'Male', '/images/faces/tr_male.gif');
INSERT INTO `wrm_race_gender` VALUES ('Troll', 'Female', '/images/faces/tr_female.gif');
INSERT INTO `wrm_race_gender` VALUES ('Undead', 'Male', '/images/faces/un_male.gif');
INSERT INTO `wrm_race_gender` VALUES ('Undead', 'Female', '/images/faces/un_female.gif');

CREATE TABLE IF NOT EXISTS `wrm_raid_class_lmt` (
  `raid_id` int(10) NOT NULL,
  `class_id` varchar(100) NOT NULL,
  `lmt` int(2) NOT NULL,
  PRIMARY KEY  (`raid_id`,`class_id`)
);

CREATE TABLE IF NOT EXISTS `wrm_raid_role_lmt` (
  `raid_id` int(10) NOT NULL,
  `role_id` varchar(10) NOT NULL,
  `lmt` int(2) NOT NULL,
  PRIMARY KEY  (`raid_id`,`role_id`)
);
  
CREATE TABLE IF NOT EXISTS `wrm_roles` (
  `role_id` varchar(10) NOT NULL,
  `role_name` varchar(100) NOT NULL,
  `lang_index` varchar(100) NOT NULL,
  `image` varchar(100) NOT NULL,
  PRIMARY KEY  (`role_id`)
);

-- Add selected spec to the signups field.
ALTER TABLE `wrm_signups` ADD `selected_spec` VARCHAR( 100 ) NOT NULL ;

-- Delete Roles from WRM Config.
DELETE FROM `wrm_config` WHERE `config_name` = 'role1_name';
DELETE FROM `wrm_config` WHERE `config_name` = 'role2_name';
DELETE FROM `wrm_config` WHERE `config_name` = 'role3_name';
DELETE FROM `wrm_config` WHERE `config_name` = 'role4_name';
DELETE FROM `wrm_config` WHERE `config_name` = 'role5_name';
DELETE FROM `wrm_config` WHERE `config_name` = 'role6_name';

INSERT INTO `wrm_config` VALUES ('records_per_page','25');
INSERT INTO `wrm_config` VALUES ('armory_cache_setting', 'none');

TRUNCATE TABLE `wrm_version`;
INSERT INTO `wrm_version` VALUES ('4.0.0','Version 4.0.0 of WoW Raid Manager');

UPDATE `wrm_config` SET `config_value` = 'us' WHERE `config_name` = 'armory_language' AND `config_value` = 'en' LIMIT 1;
UPDATE `wrm_config` SET `config_value` = 'default' WHERE `config_name` = 'template' AND `config_value` = 'SpiffyJr' LIMIT 1;

INSERT INTO `wrm_events` VALUES (122, 'Ulduar', 10, 3, 1, 'Ulduar', 'images/instances/WotLK_Icons/10-Ulduar.jpg');
INSERT INTO `wrm_events` VALUES (123, 'Ulduar - Heroic', 25, 3, 1, 'Ulduar (Heroic)', 'images/instances/WotLK_Icons/25-Ulduar.jpg');

-------------------------------------------------------------------
-- Manual Changes - The lines below MUST be modified manually to make
--    sense for YOUR environment.
-------------------------------------------------------------------
-- Edit Role Names (middle column) below for roles you support.  Remove/Blank roles you 
--  do not need. (i.e. Role 5 and 6 below can be removed if not needed).  Add lines for 
--  roles you need to add (more than 6 supported).  First column MUST be role# where # is
--  a string of digits (role7, role8, role10, etc.), and make sure the last column
--  (configuration_...) is in your language files for the language(s) you use.
INSERT INTO `wrm_roles` VALUES ('role1', 'Tank', 'configuration_role1_text','');
INSERT INTO `wrm_roles` VALUES ('role2', 'Melee', 'configuration_role2_text','');
INSERT INTO `wrm_roles` VALUES ('role3', 'Healing', 'configuration_role3_text','');
INSERT INTO `wrm_roles` VALUES ('role4', 'Ranged', 'configuration_role4_text','');
INSERT INTO `wrm_roles` VALUES ('role5', 'misc1', 'configuration_role5_text','');
INSERT INTO `wrm_roles` VALUES ('role6', 'misc2', 'configuration_role6_text','');

-- Based upon Role Names above, edit the last column for each class Talent Spec to match
--   the role you want that spec to provide.  For instance in the first line below, in the
--   "Priest" class, a "Discipline" priest is considered Role3 (Healing from above).  If 
--   instead you wanted a Discipline priest to be "Ranged" you would change the text 'role3'
--   to 'role4'.
INSERT INTO `wrm_class_role` VALUES ('Priest', 'Discipline', 'disc', 'role3');
INSERT INTO `wrm_class_role` VALUES ('Priest', 'Holy', 'holy', 'role3');
INSERT INTO `wrm_class_role` VALUES ('Priest', 'Shadow', 'shadow', 'role4');
INSERT INTO `wrm_class_role` VALUES ('Rogue', 'Assassination', 'assassination', 'role2');
INSERT INTO `wrm_class_role` VALUES ('Rogue', 'Combat', 'combat', 'role2');
INSERT INTO `wrm_class_role` VALUES ('Rogue', 'Subtlety', 'subtlety', 'role2');
INSERT INTO `wrm_class_role` VALUES ('Warrior', 'Arms', 'arms', 'role2');
INSERT INTO `wrm_class_role` VALUES ('Warrior', 'Fury', 'fury', 'role2');
INSERT INTO `wrm_class_role` VALUES ('Warrior', 'Protection', 'prot', 'role1');
INSERT INTO `wrm_class_role` VALUES ('Mage', 'Arcane', 'arcane', 'role4');
INSERT INTO `wrm_class_role` VALUES ('Mage', 'Fire', 'fire', 'role4');
INSERT INTO `wrm_class_role` VALUES ('Mage', 'Frost', 'frost', 'role4');
INSERT INTO `wrm_class_role` VALUES ('Druid', 'Balance', 'balance', 'role4');
INSERT INTO `wrm_class_role` VALUES ('Druid', 'Feral (Cat)', 'cat', 'role2');
INSERT INTO `wrm_class_role` VALUES ('Druid', 'Feral (Bear)', 'bear', 'role1');
INSERT INTO `wrm_class_role` VALUES ('Druid', 'Restoration', 'resto', 'role3');
INSERT INTO `wrm_class_role` VALUES ('Hunter', 'Beast Mastery', 'bm', 'role4');
INSERT INTO `wrm_class_role` VALUES ('Hunter', 'Marksmanship', 'marks', 'role4');
INSERT INTO `wrm_class_role` VALUES ('Hunter', 'Survival', 'survival', 'role4');
INSERT INTO `wrm_class_role` VALUES ('Warlock', 'Affliction', 'affliction', 'role4');
INSERT INTO `wrm_class_role` VALUES ('Warlock', 'Demonology', 'demon', 'role4');
INSERT INTO `wrm_class_role` VALUES ('Warlock', 'Destruction', 'destro', 'role4');
INSERT INTO `wrm_class_role` VALUES ('Shaman', 'Elemental', 'elemental', 'role4');
INSERT INTO `wrm_class_role` VALUES ('Shaman', 'Enhancement', 'enhance', 'role2');
INSERT INTO `wrm_class_role` VALUES ('Shaman', 'Restoration', 'resto', 'role3');
INSERT INTO `wrm_class_role` VALUES ('Paladin', 'Holy', 'holy', 'role3');
INSERT INTO `wrm_class_role` VALUES ('Paladin', 'Protection', 'prot', 'role1');
INSERT INTO `wrm_class_role` VALUES ('Paladin', 'Retribution', 'ret', 'role2');
INSERT INTO `wrm_class_role` VALUES ('Death Knight', 'Blood (Tank)', 'blood_tank', 'role1');
INSERT INTO `wrm_class_role` VALUES ('Death Knight', 'Blood (Melee)', 'blood_melee', 'role2');
INSERT INTO `wrm_class_role` VALUES ('Death Knight', 'Frost (Tank)', 'frost_tank', 'role1');
INSERT INTO `wrm_class_role` VALUES ('Death Knight', 'Frost (Melee)', 'frost_melee', 'role2');
INSERT INTO `wrm_class_role` VALUES ('Death Knight', 'Unholy (Tank)', 'unholy_tank', 'role1');
INSERT INTO `wrm_class_role` VALUES ('Death Knight', 'Unholy (Melee)', 'unholy_melee', 'role2');

-- Modify the fields below to change the default sort field for each data table.  Simply change the "column name" value
--   in any of the update queries below to change the default sort to a different field.
ALTER TABLE `wrm_column_headers` ADD `default_sort` TINYINT( 1 ) NOT NULL DEFAULT '0';
UPDATE `wrm_column_headers` SET `default_sort` = '1' WHERE `view_name`='raids1' AND `column_name` = 'Date' LIMIT 1 ;
UPDATE `wrm_column_headers` SET `default_sort` = '1' WHERE `view_name`='index1' AND `column_name` = 'Date' LIMIT 1 ;
UPDATE `wrm_column_headers` SET `default_sort` = '1' WHERE `view_name`='announcements1' AND `column_name` = 'ID' LIMIT 1 ;
UPDATE `wrm_column_headers` SET `default_sort` = '1' WHERE `view_name`='dkp1' AND `column_name` = 'Name' LIMIT 1 ;
UPDATE `wrm_column_headers` SET `default_sort` = '1' WHERE `view_name`='team1' AND `column_name` = 'Name' LIMIT 1 ;
UPDATE `wrm_column_headers` SET `default_sort` = '1' WHERE `view_name`='team2' AND `column_name` = 'Name' LIMIT 1 ;
UPDATE `wrm_column_headers` SET `default_sort` = '1' WHERE `view_name`='guild1' AND `column_name` = 'Guild Name' LIMIT 1 ;
UPDATE `wrm_column_headers` SET `default_sort` = '1' WHERE `view_name`='location1' AND `column_name` = 'Name' LIMIT 1 ;
UPDATE `wrm_column_headers` SET `default_sort` = '1' WHERE `view_name`='char1' AND `column_name` = 'Name' LIMIT 1 ;
UPDATE `wrm_column_headers` SET `default_sort` = '1' WHERE `view_name`='users1' AND `column_name` = 'Username' LIMIT 1 ;
UPDATE `wrm_column_headers` SET `default_sort` = '1' WHERE `view_name`='roster1' AND `column_name` = 'Name' LIMIT 1 ;
UPDATE `wrm_column_headers` SET `default_sort` = '1' WHERE `view_name`='permissions1' AND `column_name` = 'ID' LIMIT 1 ;
UPDATE `wrm_column_headers` SET `default_sort` = '1' WHERE `view_name`='permissions2' AND `column_name` = 'Username' LIMIT 1 ;
UPDATE `wrm_column_headers` SET `default_sort` = '1' WHERE `view_name`='raidview1' AND `column_name` = 'Name' LIMIT 1 ;
UPDATE `wrm_column_headers` SET `default_sort` = '1' WHERE `view_name`='raidview2' AND `column_name` = 'Name' LIMIT 1 ;

-------------------------------------------------------------------
-- Data Migration Prior to Run - DO NOT RUN these lines till you have
--    executed "migrate.php" from your web browser.
-------------------------------------------------------------------
-- Take all xx_lmt values from location table and expand into wrm_loc_class_lmt.
-- Take all roleX_lmt values from location table and expand into wrm_loc_role_lmt.
-- Take all xx_lmt values from raid table and expand into wrm_raid_class_lmt.
-- Take all roleX_lmt values from raid table and expand into wrm_raid_role_lmt.

-- Move all location limit data to loc_limits
ALTER TABLE `wrm_locations`
  DROP `dk`, DROP `dr`,  DROP `hu`,  DROP `ma`,  DROP `pa`,  DROP `pr`,  DROP `ro`,  
  DROP `sh`, DROP `wk`,  DROP `wa`,  DROP `role1`,  DROP `role2`,  DROP `role3`,  
  DROP `role4`,  DROP `role5`,  DROP `role6`;

-- Move all raid limit data to raid_limits
ALTER TABLE `wrm_raids`
  DROP `dk_lmt`, DROP `dr_lmt`, DROP `hu_lmt`, DROP `ma_lmt`, DROP `pa_lmt`, DROP `pr_lmt`, 
  DROP `sh_lmt`, DROP `ro_lmt`, DROP `wk_lmt`, DROP `wa_lmt`, DROP `role1_lmt`, 
  DROP `role2_lmt`, DROP `role3_lmt`, DROP `role4_lmt`, DROP `role5_lmt`, DROP `role6_lmt`;  

-------------------------------------------------------------------
-- Other Migration Notes - These are things that MUST be done by your
--    users.
-------------------------------------------------------------------
-- 1) All Characters must be edited and re-roled.
-- 2) All Roles must be gone back over to check for proper location limit data.
-- 3) All Raids must be gone back over to check for proper limit data.
